Review_ID,Rating,Year,Month,Reviewer_Location,Branch
448174289,4,2023,1,United States,California
448181300,4,2023,1,Australia,HongKong
448189047,5,2023,1,Mexico,California
448230588,3,2023,1,Australia,HongKong
448273183,4,2023,1,United States,HongKong
448320334,5,2023,1,United Kingdom,Paris
448387625,2,2023,1,United Kingdom,Paris
448515268,5,2023,1,Australia,HongKong
448607057,2,2023,1,Belgium,Paris
448706316,3,2023,1,Canada,California
448729098,4,2023,1,Canada,California
448738644,2,2023,1,United Kingdom,Paris
448810382,5,2023,1,India,HongKong
448885773,5,2023,1,United States,California
448888143,5,2023,1,United States,California
448912492,4,2023,1,Australia,Paris
448937033,4,2023,1,United Kingdom,Paris
448945584,5,2023,1,United States,California
448978650,3,2023,1,United States,Paris
448980748,5,2023,1,United Kingdom,Paris
448994549,2,2023,1,United Kingdom,Paris
448996155,5,2023,1,Denmark,Paris
449259960,3,2023,1,Saudi Arabia,HongKong
449283733,5,2023,1,United States,California
449403385,5,2023,1,United States,California
449448430,5,2023,1,Australia,HongKong
449504846,4,2023,1,Netherlands,Paris
449613211,3,2023,1,United States,California
449647645,3,2023,1,United Kingdom,Paris
449654053,4,2023,1,Australia,California
449654704,5,2023,1,United Kingdom,HongKong
449694324,5,2023,1,United Kingdom,Paris
449730642,5,2023,1,Thailand,HongKong
449742592,5,2023,1,Canada,California
449768081,5,2023,1,India,California
449769320,5,2023,1,Australia,HongKong
449798423,4,2023,1,Indonesia,HongKong
449851619,4,2023,1,United Kingdom,HongKong
449861245,5,2023,1,New Zealand,California
449880464,4,2023,1,Canada,HongKong
449883204,2,2023,1,Australia,California
449972702,5,2023,1,United Kingdom,Paris
450012384,4,2023,1,United States,California
450078110,5,2023,1,United Kingdom,Paris
450102571,4,2023,1,United Arab Emirates,HongKong
450126238,4,2023,1,Spain,Paris
450142234,4,2023,1,Belgium,Paris
450175499,4,2023,1,United States,California
450209879,4,2023,1,United States,California
450210841,5,2023,1,United States,California
450216334,4,2023,1,United States,California
450219392,4,2023,1,Germany,Paris
450222076,2,2023,1,United States,California
450290927,3,2023,1,United States,California
450296890,5,2023,1,United States,California
450303091,1,2023,1,New Zealand,California
450354246,3,2023,1,United Kingdom,Paris
450492423,3,2023,1,United Kingdom,Paris
450499705,5,2023,1,United Kingdom,Paris
450543869,5,2023,1,Australia,HongKong
450561046,4,2023,1,United Kingdom,Paris
450582527,5,2023,1,United Arab Emirates,HongKong
450615674,5,2023,1,India,HongKong
450677180,5,2023,1,India,HongKong
450695623,4,2023,1,Singapore,HongKong
450724910,4,2023,1,Ireland,Paris
450727761,5,2023,1,Malaysia,HongKong
450783971,5,2023,1,United Kingdom,Paris
450828838,5,2023,1,United States,California
450857460,4,2023,1,United States,California
450869122,5,2023,1,United States,California
450869375,5,2023,1,Canada,California
450872082,3,2023,1,United States,California
450939836,5,2023,1,United States,California
451014514,5,2023,1,United States,HongKong
451100450,4,2023,1,Singapore,HongKong
451113245,4,2023,1,India,HongKong
451116713,5,2023,1,New Zealand,HongKong
451121900,5,2023,1,United States,California
451124358,4,2023,1,Australia,California
451128144,1,2023,1,Australia,California
451157860,3,2023,1,Australia,HongKong
451305153,5,2023,1,United States,California
451350567,5,2023,1,Australia,California
451356405,5,2023,1,United States,California
451403546,4,2023,1,United States,HongKong
451409085,5,2023,1,United States,HongKong
451441051,5,2023,1,Singapore,HongKong
451511971,3,2023,1,United States,HongKong
451555425,4,2023,1,Australia,HongKong
451592077,4,2023,1,Australia,California
451596149,5,2023,1,Australia,California
451598010,3,2023,1,Philippines,California
451715188,5,2023,1,Spain,Paris
451850086,4,2023,1,Singapore,HongKong
451886142,5,2023,1,United Kingdom,Paris
451895517,3,2023,1,United Kingdom,Paris
451988494,4,2023,1,Australia,HongKong
452007262,5,2023,1,New Zealand,HongKong
452045557,4,2023,1,India,HongKong
452052197,4,2023,1,Australia,HongKong
452071275,5,2023,1,Australia,HongKong
452131878,3,2023,1,United Kingdom,Paris
452137233,5,2023,1,France,Paris
452158805,3,2023,1,Australia,Paris
452167380,5,2023,1,United States,HongKong
452169225,5,2023,1,United States,California
452203398,4,2023,1,United States,California
452216756,4,2023,1,United States,California
452338062,3,2023,1,Germany,HongKong
452362188,5,2023,1,United Kingdom,Paris
452438515,3,2023,1,United Kingdom,Paris
452476394,4,2023,1,United States,California
452480129,2,2023,1,Australia,Paris
452485258,4,2023,1,South Korea,HongKong
452495937,3,2023,1,United States,California
452503448,2,2023,1,Australia,California
452519155,5,2023,1,Australia,HongKong
452539407,3,2023,1,United Kingdom,California
452586893,5,2023,1,Philippines,HongKong
452636125,5,2023,1,Philippines,HongKong
452643805,5,2023,1,United States,California
452663187,4,2023,1,Australia,Paris
452732699,3,2023,1,United Kingdom,Paris
452736022,3,2023,1,United Kingdom,Paris
452807980,5,2023,1,United States,California
452811011,5,2023,1,United States,California
452845433,3,2023,1,United States,California
452873405,5,2023,1,United States,HongKong
452883563,5,2023,1,United States,California
452911255,5,2023,1,New Zealand,HongKong
452936123,4,2023,1,Australia,Paris
452936672,5,2023,1,Indonesia,HongKong
452950320,5,2023,1,United States,HongKong
452972089,5,2023,1,Ireland,Paris
453122499,2,2023,1,United Kingdom,Paris
453144869,4,2023,1,Australia,California
453184223,4,2023,1,United Kingdom,Paris
453216491,5,2023,1,Australia,HongKong
453238431,5,2023,1,India,HongKong
453271741,4,2023,1,Australia,HongKong
453370395,4,2023,1,United States,California
453386005,4,2023,1,Australia,California
453425287,4,2023,1,United Kingdom,Paris
453430476,5,2023,1,United Kingdom,Paris
453440826,5,2023,1,United States,Paris
453468731,5,2023,1,Philippines,HongKong
453487129,3,2023,1,United States,California
453531241,5,2023,1,Belgium,Paris
453535218,4,2023,1,Australia,HongKong
453580490,4,2023,1,Australia,HongKong
453683826,4,2023,1,Canada,California
453700872,5,2023,1,Canada,California
453710706,1,2023,1,United Kingdom,Paris
453794964,5,2023,1,Canada,California
453818219,5,2023,1,Malaysia,HongKong
453872625,4,2023,1,United States,California
453925622,5,2023,1,Australia,California
453962047,5,2023,1,United States,California
453971408,3,2023,1,United Kingdom,HongKong
453971798,5,2023,1,United Kingdom,Paris
454018837,3,2023,1,Australia,Paris
454046407,5,2023,1,New Zealand,California
454075003,3,2023,1,Australia,California
454114965,5,2023,1,United States,California
454126294,4,2023,1,United Kingdom,Paris
454154787,5,2023,1,United States,California
454159705,4,2023,1,Maldives,HongKong
454184230,5,2023,1,India,HongKong
454215570,5,2023,1,Belgium,Paris
454226822,3,2023,1,Australia,HongKong
454275284,5,2023,1,United States,California
454321054,5,2023,1,New Zealand,California
454391249,5,2023,1,United States,HongKong
454396896,4,2023,1,United States,California
454407767,5,2023,1,Australia,California
454522005,4,2023,1,United States,California
454593866,4,2023,1,Ireland,Paris
454621807,5,2023,1,United States,California
454634036,5,2023,1,United States,Paris
454634820,4,2023,1,New Zealand,California
454641429,3,2023,1,Germany,Paris
454645750,5,2023,1,Australia,HongKong
454678571,3,2023,1,Thailand,Paris
454711163,3,2023,1,United Kingdom,Paris
454793165,4,2023,1,United States,California
454824640,5,2023,1,United Kingdom,HongKong
454836394,5,2023,1,India,HongKong
454977627,5,2023,1,United States,California
454992690,5,2023,1,Canada,California
455051933,5,2023,1,United States,California
455094289,2,2023,1,United States,California
455094548,5,2023,1,United States,California
455098731,5,2023,1,United States,California
455099287,5,2023,1,Norway,HongKong
455185569,1,2023,1,United States,California
455223531,3,2023,1,United Kingdom,Paris
455267996,4,2023,1,United States,California
455272328,4,2023,1,Canada,California
455273034,5,2023,1,United States,California
455276748,5,2023,1,Australia,California
455312683,5,2023,1,United States,California
455315027,5,2023,1,Canada,California
455318888,5,2023,1,Australia,HongKong
455341048,5,2023,1,Germany,Paris
455356869,5,2023,1,Australia,HongKong
455359459,4,2023,1,China,HongKong
455376892,5,2023,1,United States,California
455382128,5,2023,1,United States,California
455483288,4,2023,1,Canada,California
455493922,4,2023,1,United States,California
455502091,4,2023,1,Vanuatu,California
455512027,5,2023,1,Australia,California
455541947,3,2023,1,Philippines,California
455551136,3,2023,1,Germany,HongKong
455610330,5,2023,1,United States,California
455649545,4,2023,1,Israel,Paris
455675907,4,2023,1,United States,HongKong
455700032,5,2023,1,United States,California
455715376,3,2023,1,United Kingdom,Paris
455749202,5,2023,1,Australia,HongKong
455760665,5,2023,1,United States,California
455785252,5,2023,1,United States,California
455786086,4,2023,1,India,California
455787304,4,2023,1,Singapore,HongKong
455804502,5,2023,1,United States,California
455806838,5,2023,1,New Zealand,California
455883516,5,2023,1,Singapore,HongKong
455927827,5,2023,1,India,HongKong
455956724,5,2023,1,India,Paris
455958000,3,2023,1,United States,California
455992029,5,2023,1,Ireland,Paris
455999400,5,2023,1,United States,California
456048388,5,2023,1,United States,California
456059667,4,2023,1,United States,California
456065008,5,2023,1,United States,California
456068479,5,2023,1,United States,California
456068686,4,2023,1,United States,Paris
456094580,5,2023,1,Hong Kong,HongKong
456104653,5,2023,1,Australia,California
456163382,5,2023,1,Canada,California
456189662,5,2023,1,United Arab Emirates,HongKong
456220258,5,2023,1,United Kingdom,Paris
456229455,3,2023,1,United States,California
456252958,2,2023,1,United States,California
456255000,5,2023,1,Taiwan,California
456267066,5,2023,1,United States,California
456308774,4,2023,1,United States,California
456316115,3,2023,2,United States,California
456426703,3,2023,1,United States,California
456464774,4,2023,1,United States,California
456527643,5,2023,1,United States,California
456537061,5,2023,2,United States,California
456540540,5,2023,1,United Kingdom,Paris
456546480,5,2023,1,United States,California
456548366,5,2023,1,United Kingdom,Paris
456610458,1,2023,2,Mongolia,HongKong
456616073,5,2023,1,United States,California
456623878,5,2023,1,Singapore,Paris
456626827,3,2023,1,Singapore,HongKong
456628791,5,2023,1,Chile,Paris
456633333,5,2023,1,United Kingdom,Paris
456665696,4,2023,2,Indonesia,HongKong
456718339,4,2023,1,Canada,HongKong
456759262,5,2023,2,United States,California
456793736,4,2023,1,Australia,California
456820319,5,2023,1,Indonesia,HongKong
456879595,4,2023,2,Australia,HongKong
456928354,5,2023,2,Canada,California
456934894,5,2023,1,United States,Paris
456971575,5,2023,1,Czechia,California
456992043,3,2023,1,United States,California
456993003,2,2023,1,Australia,California
457029911,5,2023,1,New Zealand,California
457031885,4,2023,1,United States,HongKong
457036306,5,2023,2,South Korea,California
457037821,4,2023,1,United States,California
457048840,4,2023,1,Philippines,HongKong
457068506,5,2023,2,Australia,HongKong
457135623,5,2023,1,United States,California
457142719,4,2023,1,United States,California
457145445,3,2023,2,Canada,California
457185667,4,2023,1,United States,California
457256412,3,2023,1,New Zealand,California
457321293,5,2023,2,Singapore,HongKong
457326844,5,2023,2,United Kingdom,Paris
457362523,4,2023,1,Canada,California
457367943,5,2023,1,Australia,California
457372128,4,2023,2,United States,California
457386106,5,2023,2,Ireland,Paris
457409797,5,2023,1,United States,California
457410405,4,2023,2,United States,Paris
457418786,4,2023,1,United Kingdom,Paris
457481068,4,2023,2,Canada,California
457507244,4,2023,1,United States,HongKong
457552739,4,2023,1,United Kingdom,Paris
457566433,5,2023,2,United Kingdom,Paris
457605654,2,2023,1,Philippines,HongKong
457611919,5,2023,1,United States,California
457638574,4,2023,2,United States,California
457696129,5,2023,2,Australia,HongKong
457704719,5,2023,1,United States,California
457716578,4,2023,2,China,HongKong
457718236,5,2023,1,United States,California
457751196,4,2023,2,Philippines,HongKong
457959342,5,2023,1,Philippines,HongKong
457985042,5,2023,2,United States,California
457993639,5,2023,2,United States,California
458047131,5,2023,2,United Kingdom,Paris
458077106,5,2023,2,United States,California
458125232,5,2023,2,United States,California
458176207,5,2023,1,United States,California
458200586,5,2023,2,Australia,HongKong
458252779,5,2023,1,Australia,California
458291279,5,2023,2,United Kingdom,Paris
458303661,5,2023,2,United States,California
458335257,5,2023,1,Mexico,California
458378320,5,2023,2,Argentina,California
458395310,2,2023,1,Australia,California
458439009,5,2023,2,Philippines,HongKong
458488246,5,2023,1,United Kingdom,Paris
458498724,5,2023,2,Canada,California
458504037,3,2023,2,United States,Paris
458510049,3,2023,2,United Kingdom,Paris
458581766,5,2023,1,United States,California
458582900,5,2023,2,United States,California
458583944,5,2023,1,Poland,California
458598354,3,2023,2,United States,Paris
458605828,3,2023,2,Canada,California
458616560,5,2023,2,United States,California
458623755,3,2023,2,United Kingdom,Paris
458628869,3,2023,2,Hong Kong,HongKong
458675377,5,2023,2,United States,California
458729672,5,2023,2,United Kingdom,HongKong
458785876,3,2023,2,Hong Kong,HongKong
458792466,4,2023,2,New Zealand,California
458804652,5,2023,1,New Zealand,California
458806634,5,2023,2,United Kingdom,California
458815394,5,2023,2,United States,California
458815455,5,2023,2,United States,HongKong
458884594,5,2023,2,United Kingdom,Paris
458964471,5,2023,1,Australia,HongKong
458998868,4,2023,2,United Kingdom,Paris
459017560,5,2023,2,Canada,California
459018481,4,2023,1,United States,HongKong
459064820,2,2023,2,United Kingdom,Paris
459116075,3,2023,2,Uruguay,HongKong
459118509,5,2023,2,Malta,Paris
459135418,5,2023,2,United Kingdom,Paris
459163198,5,2023,1,Canada,California
459180613,3,2023,2,United States,California
459214541,5,2023,1,United Kingdom,Paris
459244758,4,2023,2,United Kingdom,Paris
459280608,4,2023,2,Belgium,Paris
459282404,4,2023,2,United Kingdom,Paris
459284784,5,2023,2,United Kingdom,Paris
459323543,3,2023,2,Turkey,Paris
459343488,4,2023,2,United Kingdom,Paris
459359560,5,2023,2,United Kingdom,Paris
459359826,2,2023,2,Switzerland,Paris
459371491,5,2023,2,United States,California
459381703,5,2023,1,New Zealand,California
459391580,5,2023,1,United States,California
459409615,4,2023,1,United States,Paris
459460063,4,2023,1,Philippines,HongKong
459463028,5,2023,2,United States,California
459477169,4,2023,2,Singapore,HongKong
459486152,5,2023,2,United States,California
459494956,5,2023,1,Australia,HongKong
459499094,2,2023,2,United States,California
459518682,5,2023,1,India,HongKong
459561003,4,2023,2,Hong Kong,HongKong
459579385,5,2023,2,United Kingdom,Paris
459597807,5,2023,2,United Kingdom,Paris
459605962,4,2023,2,United Kingdom,Paris
459624609,5,2023,1,Chile,California
459707192,5,2023,2,United States,California
459711096,5,2023,2,Belgium,Paris
459741177,5,2023,1,Philippines,HongKong
459749662,5,2023,2,United States,California
459805963,4,2023,2,United States,California
459840519,2,2023,1,United States,California
459846631,5,2023,2,United Kingdom,Paris
459858962,2,2023,2,Canada,HongKong
459914998,5,2023,2,Australia,California
459925278,5,2023,1,Hong Kong,HongKong
459931514,5,2023,2,United Kingdom,Paris
460122697,5,2023,1,United States,California
460128938,5,2023,1,United States,California
460167719,5,2023,2,United Kingdom,Paris
460182446,4,2023,2,United States,California
460190448,5,2023,2,United Kingdom,Paris
460200424,4,2023,2,United Kingdom,Paris
460244459,3,2023,2,United States,California
460277518,2,2023,2,India,HongKong
460308357,4,2023,2,United States,Paris
460319980,4,2023,1,Australia,California
460375365,4,2023,1,United Kingdom,Paris
460384427,3,2023,2,United Kingdom,Paris
460384928,4,2023,2,United Kingdom,Paris
460444826,1,2023,2,United Kingdom,Paris
460446229,5,2023,2,United Kingdom,Paris
460468759,4,2023,2,United Kingdom,Paris
460500517,4,2023,2,United Kingdom,Paris
460503256,4,2023,2,United States,Paris
460504093,5,2023,2,United States,California
460504376,4,2023,2,Australia,Paris
460511950,5,2023,2,Philippines,HongKong
460514324,5,2023,2,United Kingdom,Paris
460522485,1,2023,2,United Kingdom,Paris
460536660,4,2023,2,United States,California
460545580,4,2023,2,Indonesia,HongKong
460581827,5,2023,1,United Kingdom,Paris
460632483,5,2023,2,United Kingdom,Paris
460664578,5,2023,2,United Kingdom,Paris
460672238,5,2023,1,United States,California
460682123,5,2023,1,United States,California
460682485,2,2023,2,United Kingdom,Paris
460688292,3,2023,2,United Kingdom,Paris
460718453,5,2023,2,United States,California
460733953,5,2023,2,Chile,Paris
460737241,5,2023,2,United States,California
460737442,1,2023,2,United States,California
460750935,3,2023,2,United Kingdom,Paris
460763407,4,2023,2,United States,California
460770618,3,2023,2,United Kingdom,Paris
460794092,5,2023,2,United States,California
460806682,5,2023,1,United States,California
460820777,4,2023,2,New Zealand,Paris
460831559,2,2023,2,Latvia,Paris
460856217,5,2023,2,United Kingdom,Paris
460865274,5,2023,2,Australia,California
460877217,4,2023,2,United Kingdom,Paris
460890855,5,2023,2,United Kingdom,Paris
460892184,5,2023,2,Thailand,HongKong
460909112,4,2023,2,United Kingdom,Paris
460918603,3,2023,2,Japan,HongKong
460931647,5,2023,2,United States,California
460989876,4,2023,2,United Kingdom,Paris
460994590,4,2023,2,United Kingdom,Paris
460995477,3,2023,2,United States,California
461015927,4,2023,2,United States,Paris
461033162,4,2023,2,United States,California
461033944,4,2023,2,United States,California
461040681,5,2023,2,Singapore,HongKong
461041194,5,2023,2,United States,California
461043516,5,2023,2,Australia,California
461046637,5,2023,2,United States,California
461059972,2,2023,2,United Kingdom,Paris
461068825,5,2023,2,Malaysia,HongKong
461123271,5,2023,2,Hong Kong,HongKong
461127969,3,2023,2,United Kingdom,HongKong
461134362,4,2023,2,United Kingdom,Paris
461139420,4,2023,2,Singapore,HongKong
461156148,5,2023,2,Thailand,HongKong
461190755,3,2023,2,United Kingdom,Paris
461270787,4,2023,2,Canada,HongKong
461300837,5,2023,2,United States,California
461308650,5,2023,2,Australia,HongKong
461311854,5,2023,2,United States,California
461331486,5,2023,2,Australia,Paris
461334873,2,2023,2,Singapore,HongKong
461370895,4,2023,2,United Kingdom,Paris
461381868,5,2023,2,United Kingdom,Paris
461447601,5,2023,2,United Kingdom,Paris
461461606,5,2023,2,United States,California
461488028,4,2023,2,United Kingdom,Paris
461514711,5,2023,1,United Kingdom,Paris
461520744,4,2023,2,United Kingdom,Paris
461545594,5,2023,2,United States,California
461555037,4,2023,2,United States,Paris
461564123,5,2023,2,United Kingdom,Paris
461594074,5,2023,1,New Zealand,Paris
461604974,4,2023,2,United States,California
461615917,5,2023,2,Malaysia,HongKong
461616127,3,2023,2,India,HongKong
461662411,5,2023,2,United States,Paris
461677727,5,2023,1,United Kingdom,Paris
461685672,5,2023,2,United Kingdom,Paris
461732441,5,2023,2,United Kingdom,Paris
461742296,4,2023,1,United Kingdom,HongKong
461775645,3,2023,2,United States,California
461820264,4,2023,2,Australia,California
461864134,5,2023,1,Australia,California
461875557,4,2023,2,Australia,California
461881811,4,2023,2,United Kingdom,Paris
461890810,5,2023,2,India,HongKong
461910845,5,2023,2,Qatar,HongKong
461934564,5,2023,2,Philippines,HongKong
461990955,3,2023,2,United Kingdom,Paris
461991689,4,2023,2,Italy,HongKong
462003792,1,2023,2,United Kingdom,Paris
462006463,5,2023,2,United Kingdom,Paris
462018089,3,2023,2,United States,HongKong
462022696,5,2023,2,United States,California
462024012,3,2023,2,Netherlands,Paris
462046805,4,2023,2,United Kingdom,Paris
462059307,4,2023,2,United States,California
462108339,5,2023,2,United Kingdom,Paris
462121957,5,2023,2,Philippines,HongKong
462122625,3,2023,2,Australia,Paris
462131022,3,2023,2,United States,California
462140234,5,2023,2,United States,HongKong
462142188,5,2023,2,United Kingdom,California
462194282,4,2023,1,France,Paris
462245334,2,2023,2,United Kingdom,Paris
462251927,3,2023,2,United States,California
462276807,2,2023,2,Netherlands,Paris
462318684,5,2023,2,United States,California
462336507,3,2023,2,Vietnam,California
462336605,4,2023,2,Ireland,Paris
462338089,4,2023,1,Australia,California
462352956,4,2023,2,Philippines,HongKong
462380774,3,2023,2,Canada,California
462401760,5,2023,2,United States,California
462405236,5,2023,2,United Kingdom,Paris
462426282,2,2023,2,India,Paris
462446490,2,2023,1,United Kingdom,Paris
462474645,4,2023,2,United Kingdom,Paris
462521715,3,2023,2,United Kingdom,Paris
462534364,5,2023,2,United Kingdom,Paris
462548985,4,2023,2,Thailand,HongKong
462550574,3,2023,2,France,Paris
462550832,5,2023,2,Panama,California
462581540,5,2023,2,United States,California
462622254,2,2023,2,United Kingdom,Paris
462636729,5,2023,2,United Kingdom,HongKong
462641384,5,2023,2,United Kingdom,Paris
462642391,5,2023,2,United Kingdom,Paris
462651399,5,2023,2,United Kingdom,Paris
462693664,5,2023,2,Indonesia,HongKong
462700820,5,2023,2,United Kingdom,Paris
462704951,5,2023,2,United Kingdom,Paris
462730542,2,2023,2,United Kingdom,Paris
462748568,4,2023,2,United Kingdom,California
462753176,4,2023,2,United States,California
462754062,5,2023,2,United Kingdom,Paris
462781246,5,2023,2,United Kingdom,Paris
462810757,4,2023,1,Australia,Paris
462813738,4,2023,2,United States,California
462820078,1,2023,2,Denmark,California
462827077,1,2023,2,United States,California
462827246,5,2023,1,Singapore,HongKong
462884634,3,2023,2,Singapore,HongKong
462887443,3,2023,2,United Kingdom,Paris
462897446,5,2023,2,United Kingdom,Paris
462919757,4,2023,2,United States,California
462996657,2,2023,2,Canada,California
463005619,5,2023,2,India,California
463007087,5,2023,2,United States,California
463029780,4,2023,2,United Kingdom,Paris
463046315,4,2023,2,Canada,California
463076018,4,2023,2,Indonesia,HongKong
463088187,2,2023,2,Canada,California
463118256,2,2023,2,Thailand,HongKong
463118979,5,2023,2,United Kingdom,HongKong
463170141,5,2023,2,United Kingdom,Paris
463194106,5,2023,2,United States,California
463236712,5,2023,2,United States,California
463248659,5,2023,2,United States,California
463279754,1,2023,2,United Kingdom,Paris
463291758,5,2023,2,United Kingdom,Paris
463308005,5,2023,2,Canada,California
463309729,5,2023,2,United States,California
463316226,5,2023,2,United States,California
463331371,2,2023,2,Canada,California
463348937,4,2023,2,Canada,California
463353368,5,2023,2,Canada,California
463395867,3,2023,2,United Kingdom,Paris
463396228,4,2023,2,United Kingdom,Paris
463408167,5,2023,2,United Kingdom,Paris
463495373,5,2023,2,United Kingdom,Paris
463514124,2,2023,2,United States,California
463532729,3,2023,2,United Kingdom,Paris
463547712,4,2023,2,United Kingdom,Paris
463609843,4,2023,2,Australia,HongKong
463619322,5,2023,2,Philippines,HongKong
463630297,5,2023,2,United Kingdom,Paris
463640052,3,2023,2,United States,HongKong
463660827,5,2023,2,United Kingdom,Paris
463770647,5,2023,2,United States,California
463778669,5,2023,2,United Kingdom,California
463792092,5,2023,2,United States,California
463840554,5,2023,2,United States,California
463843180,5,2023,1,Ireland,Paris
463854718,5,2023,2,United Kingdom,Paris
463859472,1,2023,2,United States,California
463860297,5,2023,2,Sweden,Paris
463884450,5,2023,1,United States,Paris
463907393,5,2023,2,Canada,California
463925408,5,2023,2,Australia,California
463931489,4,2023,2,Singapore,HongKong
463933047,5,2023,2,Estonia,HongKong
464159097,5,2023,3,United States,California
464168930,4,2023,2,Thailand,HongKong
464179170,5,2023,3,Canada,California
464179540,5,2023,2,United States,California
464185736,5,2023,2,United States,California
464205088,4,2023,2,United Kingdom,Paris
464229241,2,2023,3,United States,Paris
464237804,5,2023,3,United Kingdom,Paris
464257839,5,2023,3,United Kingdom,Paris
464275471,4,2023,3,Indonesia,HongKong
464286240,5,2023,2,United Kingdom,HongKong
464307599,4,2023,2,United States,California
464315372,1,2023,2,United Kingdom,Paris
464369357,5,2023,2,Canada,California
464387924,4,2023,2,New Zealand,California
464467603,4,2023,2,Spain,HongKong
464484513,4,2023,2,United Kingdom,HongKong
464495826,5,2023,3,New Zealand,HongKong
464497210,5,2023,2,United Kingdom,Paris
464527128,1,2023,3,Guatemala,Paris
464536243,5,2023,2,United States,California
464543316,5,2023,3,Ireland,Paris
464558294,5,2023,2,United Kingdom,Paris
464560080,5,2023,2,United Kingdom,Paris
464571063,5,2023,2,United States,California
464587012,4,2023,3,Italy,HongKong
464590351,3,2023,2,France,HongKong
464609348,5,2023,1,Australia,California
464622282,5,2023,1,Australia,HongKong
464627506,5,2023,3,United States,California
464633783,3,2023,3,Australia,HongKong
464641652,5,2023,2,Australia,California
464643266,5,2023,2,Australia,HongKong
464646134,3,2023,2,United States,California
464650649,5,2023,2,United States,California
464660142,5,2023,1,Australia,California
464660479,5,2023,2,New Zealand,California
464670757,2,2023,2,United Kingdom,Paris
464695325,2,2023,3,Australia,California
464707108,4,2023,2,Philippines,HongKong
464724588,5,2023,1,Belgium,Paris
464761511,3,2023,3,United States,California
464799851,5,2023,1,Uruguay,California
464867175,5,2023,1,Brazil,California
464892719,5,2023,3,United States,California
464900953,3,2023,1,United States,California
464906613,5,2023,2,Sri Lanka,Paris
464910643,5,2023,1,Canada,California
464961135,2,2023,2,United Kingdom,Paris
465002659,5,2023,2,United States,California
465026417,5,2023,3,United States,California
465083188,4,2023,2,United States,California
465125601,5,2023,2,Australia,California
465132172,3,2023,2,Canada,California
465132352,5,2023,2,Australia,Paris
465144305,5,2023,2,United Kingdom,Paris
465157615,1,2023,3,United Kingdom,Paris
465171726,5,2023,3,Malaysia,HongKong
465272408,1,2023,3,United Kingdom,Paris
465309564,2,2023,3,United Kingdom,Paris
465325360,4,2023,3,United States,California
465400066,2,2023,3,United States,California
465414283,5,2023,2,United States,California
465435809,4,2023,2,Singapore,HongKong
465450247,4,2023,3,Singapore,HongKong
465465317,5,2023,2,Australia,HongKong
465491448,5,2023,3,United States,California
465516935,4,2023,3,United Kingdom,Paris
465576754,4,2023,3,India,HongKong
465580626,4,2023,1,United Kingdom,HongKong
465595918,5,2023,3,United States,California
465597776,5,2023,2,United States,California
465671002,4,2023,2,United Kingdom,California
465698908,5,2023,3,United States,HongKong
465705683,4,2023,3,United States,California
465707625,4,2023,2,Australia,HongKong
465783596,5,2023,3,Canada,California
465913453,5,2023,3,Sweden,Paris
465928751,1,2023,3,Hong Kong,HongKong
465941649,4,2023,3,United States,California
465969346,5,2023,1,United States,California
465975300,5,2023,3,Ireland,Paris
465986639,5,2023,2,United Kingdom,Paris
465997015,5,2023,2,United Kingdom,Paris
466015697,5,2023,3,United Kingdom,Paris
466050146,3,2023,3,United States,California
466071146,5,2023,3,United Kingdom,Paris
466135807,5,2023,2,United Kingdom,Paris
466143629,5,2023,2,United Kingdom,Paris
466160224,4,2023,3,Australia,California
466167527,4,2023,2,Australia,HongKong
466173869,3,2023,3,United States,California
466282029,5,2023,3,United Kingdom,Paris
466348630,5,2023,3,United Kingdom,Paris
466365647,5,2023,2,United States,California
466379885,5,2023,1,Australia,California
466407605,4,2023,3,United States,California
466457205,1,2023,3,United States,Paris
466475538,4,2023,3,United Kingdom,HongKong
466480986,3,2023,3,Canada,HongKong
466508180,5,2023,3,United Kingdom,Paris
466517665,4,2023,3,United States,Paris
466598080,3,2023,2,United Kingdom,Paris
466617052,3,2023,3,United States,California
466630042,5,2023,2,Australia,California
466642906,3,2023,3,United States,California
466684720,5,2023,3,United States,HongKong
466700461,4,2023,2,China,HongKong
466787577,5,2023,3,Australia,HongKong
466807543,5,2023,2,Philippines,HongKong
466908274,1,2023,3,Ireland,Paris
466972340,3,2023,2,Norway,Paris
466979648,1,2023,3,United Kingdom,Paris
467012846,3,2023,2,United States,California
467020515,5,2023,2,Canada,California
467025852,4,2023,3,United States,HongKong
467044385,3,2023,1,United States,California
467058725,4,2023,3,United States,California
467073023,4,2023,2,United Kingdom,Paris
467103755,3,2023,3,Australia,HongKong
467105055,5,2023,3,United States,California
467119139,5,2023,3,Australia,California
467174166,5,2023,3,United States,Paris
467174885,4,2023,2,United Kingdom,California
467231584,5,2023,3,United Kingdom,Paris
467261430,5,2023,3,Canada,HongKong
467276002,1,2023,3,United Kingdom,Paris
467278780,5,2023,2,United States,California
467302495,3,2023,3,United States,California
467327094,5,2023,1,United States,Paris
467375269,3,2023,3,United Kingdom,Paris
467383498,4,2023,3,United States,California
467392183,5,2023,3,United States,California
467406814,4,2023,3,Netherlands,HongKong
467413943,5,2023,3,United States,California
467477612,3,2023,3,United Kingdom,HongKong
467533621,5,2023,2,Macau,HongKong
467541697,4,2023,3,United Kingdom,Paris
467575723,5,2023,3,United States,California
467597304,4,2023,1,Singapore,California
467623890,5,2023,3,United States,California
467627654,2,2023,3,Switzerland,Paris
467670627,5,2023,3,Malaysia,HongKong
467685300,4,2023,2,United States,HongKong
467699631,4,2023,2,United States,California
467719120,5,2023,2,United Kingdom,HongKong
467729157,4,2023,2,United Kingdom,Paris
467758802,5,2023,3,United Kingdom,Paris
467763334,4,2023,3,Portugal,Paris
467774108,5,2023,3,Singapore,HongKong
467797392,4,2023,3,Hong Kong,HongKong
467801288,5,2023,3,Hong Kong,HongKong
467836283,3,2023,3,United States,California
467844059,5,2023,3,United States,California
467863382,1,2023,3,United States,California
467905935,4,2023,2,United Kingdom,Paris
467942962,4,2023,3,United States,California
467969021,4,2023,2,United States,California
467990264,1,2023,3,United States,Paris
468038244,3,2023,3,United States,HongKong
468053212,5,2023,2,New Zealand,California
468056700,5,2023,3,Malaysia,HongKong
468074389,3,2023,3,Singapore,HongKong
468084570,4,2023,3,United States,California
468097168,5,2023,1,United States,HongKong
468102162,5,2023,1,United States,Paris
468106541,3,2023,3,United Kingdom,Paris
468107860,5,2023,3,India,HongKong
468108971,4,2023,2,United Kingdom,Paris
468128367,5,2023,3,United States,California
468179416,4,2023,3,United States,California
468195156,4,2023,3,United States,California
468199985,5,2023,3,India,HongKong
468220791,5,2023,3,United Kingdom,Paris
468255877,4,2023,1,United Kingdom,Paris
468323967,5,2023,3,Iran,HongKong
468366018,4,2023,3,United States,California
468388497,5,2023,3,United Kingdom,Paris
468404172,4,2023,3,United States,California
468430260,4,2023,3,United States,California
468454194,5,2023,3,United States,Paris
468482432,4,2023,3,United States,California
468507370,3,2023,3,Malaysia,HongKong
468510019,2,2023,3,Ireland,Paris
468547475,2,2023,3,Canada,California
468549580,5,2023,3,United Kingdom,Paris
468555110,5,2023,3,United Kingdom,Paris
468575966,4,2023,3,Singapore,HongKong
468580950,5,2023,3,Mali,HongKong
468586624,5,2023,3,United States,California
468601322,4,2023,3,Finland,HongKong
468626571,3,2023,3,United States,California
468663793,5,2023,3,Canada,California
468679610,5,2023,3,Philippines,HongKong
468705826,2,2023,3,United States,California
468709445,4,2023,1,Australia,California
468724925,4,2023,2,India,HongKong
468751211,5,2023,3,Canada,Paris
468770529,1,2023,3,Poland,Paris
468774361,5,2023,3,United Kingdom,Paris
468809958,4,2023,3,South Korea,HongKong
468832396,3,2023,3,United States,California
468873634,5,2023,3,Australia,HongKong
468888638,4,2023,3,United States,California
468898533,5,2023,3,Philippines,HongKong
468939010,5,2023,3,Australia,Paris
468940897,3,2023,3,United States,California
468946672,4,2023,3,United Kingdom,Paris
468950199,5,2023,3,United States,HongKong
468974343,5,2023,3,United States,California
468980306,2,2023,3,United States,California
468999131,5,2023,2,United States,California
469004072,1,2023,3,United States,California
469006478,5,2023,3,United States,HongKong
469011361,3,2023,2,Thailand,HongKong
469045144,1,2023,3,United Kingdom,Paris
469058778,5,2023,3,United Kingdom,HongKong
469083367,4,2023,3,Singapore,HongKong
469128485,5,2023,2,Portugal,Paris
469145367,1,2023,3,United States,California
469161153,5,2023,3,United States,California
469165056,5,2023,3,United Kingdom,Paris
469197000,5,2023,3,Canada,California
469222145,3,2023,3,Canada,California
469226719,4,2023,3,United States,California
469232604,4,2023,3,United Kingdom,Paris
469268469,4,2023,3,Australia,HongKong
469273213,5,2023,1,Philippines,HongKong
469275484,3,2023,3,Singapore,HongKong
469276184,3,2023,1,United States,California
469284800,3,2023,2,Finland,California
469303988,4,2023,3,Sweden,Paris
469305570,4,2023,3,United Kingdom,Paris
469308037,5,2023,3,Singapore,HongKong
469315707,5,2023,3,Philippines,HongKong
469325150,5,2023,3,United States,California
469367272,5,2023,3,Canada,HongKong
469389728,4,2023,2,United Kingdom,HongKong
469420760,5,2023,3,New Zealand,HongKong
469438747,4,2023,3,United Kingdom,HongKong
469459536,5,2023,3,United States,California
469467408,5,2023,3,United States,California
469479600,5,2023,3,Australia,California
469495701,4,2023,2,United States,California
469516147,5,2023,3,United States,California
469548383,4,2023,3,Iran,HongKong
469577259,5,2023,3,Ireland,Paris
469612950,3,2023,3,United States,HongKong
469621956,5,2023,3,United States,California
469623568,5,2023,3,Canada,Paris
469625769,5,2023,3,United States,California
469662305,4,2023,2,United States,California
469669472,5,2023,3,Egypt,Paris
469679871,5,2023,3,United Kingdom,Paris
469684063,1,2023,3,United States,California
469698876,5,2023,2,United Kingdom,Paris
469711836,3,2023,3,Canada,California
469714377,5,2023,3,United Kingdom,Paris
469720412,4,2023,3,Australia,California
469742723,5,2023,3,United States,California
469752229,5,2023,3,United States,California
469760051,4,2023,3,United Kingdom,Paris
469760472,4,2023,3,Canada,California
469791721,5,2023,2,United Kingdom,Paris
469795574,5,2023,3,Ireland,Paris
469796327,5,2023,3,Malaysia,HongKong
469848080,4,2023,3,United States,California
469867889,5,2023,3,United States,California
469897286,3,2023,3,United States,Paris
469956028,4,2023,3,Australia,HongKong
469960496,5,2023,3,United States,Paris
469963784,5,2023,3,United States,California
469972293,5,2023,3,Australia,HongKong
470011689,3,2023,3,United Kingdom,HongKong
470032618,4,2023,3,Australia,HongKong
470032902,4,2023,3,United Kingdom,Paris
470052572,5,2023,3,United Kingdom,Paris
470068445,3,2023,3,United States,California
470097162,5,2023,3,United States,HongKong
470118501,2,2023,3,United Kingdom,Paris
470135860,5,2023,3,United States,California
470140338,3,2023,3,United States,California
470144710,5,2023,3,United States,California
470170546,3,2023,3,United Kingdom,Paris
470180707,4,2023,3,United Kingdom,California
470196602,5,2023,3,Australia,Paris
470207074,4,2023,3,Canada,HongKong
470239229,5,2023,1,Australia,California
470245442,5,2023,3,Australia,HongKong
470250468,5,2023,2,Australia,California
470271122,5,2023,3,United Kingdom,HongKong
470335599,3,2023,3,United States,California
470343545,5,2023,3,United Kingdom,Paris
470416819,5,2023,3,United States,California
470435350,3,2023,3,United States,California
470439378,4,2023,3,United States,California
470447780,5,2023,3,Canada,California
470484081,3,2023,3,India,HongKong
470496736,5,2023,3,United Kingdom,Paris
470518886,5,2023,3,Singapore,HongKong
470520470,5,2023,3,United Kingdom,Paris
470585917,3,2023,3,United States,California
470597894,5,2023,3,United States,California
470706190,4,2023,3,United States,California
470712558,2,2023,3,United States,California
470717270,3,2023,3,United States,Paris
470718185,5,2023,3,Philippines,California
470725175,3,2023,3,United States,California
470727799,1,2023,3,United States,California
470729949,5,2023,3,Australia,HongKong
470732684,5,2023,3,Malaysia,HongKong
470748591,5,2023,3,France,HongKong
470750788,1,2023,1,Germany,HongKong
470762239,5,2023,3,Denmark,Paris
470765528,1,2023,3,United Kingdom,Paris
470781100,1,2023,3,United States,California
470789606,4,2023,3,United Kingdom,HongKong
470835320,5,2023,3,Malaysia,HongKong
470874685,4,2023,3,United States,Paris
470877049,5,2023,3,United States,California
470883040,4,2023,3,United States,California
470894897,2,2023,3,Canada,California
470916795,3,2023,2,Canada,California
470933139,5,2023,3,United Kingdom,Paris
470949614,4,2023,3,United Kingdom,HongKong
470959406,5,2023,3,Philippines,HongKong
470959705,3,2023,3,United Kingdom,Paris
470979221,4,2023,3,Australia,California
470987950,4,2023,3,Singapore,HongKong
470996551,4,2023,3,Singapore,HongKong
471022658,4,2023,1,United States,California
471074685,4,2023,3,Canada,California
471076342,5,2023,3,United Kingdom,Paris
471112780,5,2023,3,United Kingdom,HongKong
471180216,5,2023,3,United Kingdom,Paris
471181707,5,2023,3,United Kingdom,Paris
471184439,5,2023,3,United Kingdom,Paris
471206336,5,2023,3,United Kingdom,Paris
471211038,5,2023,3,United States,California
471212989,4,2023,3,Australia,HongKong
471226178,5,2023,3,United Kingdom,Paris
471232082,5,2023,2,Australia,HongKong
471248651,5,2023,3,Canada,California
471262272,4,2023,3,United States,California
471268771,3,2023,3,United States,California
471270571,3,2023,3,Hong Kong,HongKong
471271432,5,2023,3,United States,California
471274479,4,2023,3,United States,California
471278323,5,2023,3,United States,California
471317496,3,2023,2,United Kingdom,Paris
471324069,4,2023,3,Malaysia,HongKong
471347760,5,2023,3,Singapore,HongKong
471359485,5,2023,2,Cyprus,Paris
471360019,4,2023,3,United States,HongKong
471362047,5,2023,3,United States,HongKong
471364152,4,2023,3,Philippines,HongKong
471398418,4,2023,3,India,Paris
471417894,5,2023,3,United Kingdom,Paris
471425056,3,2023,3,United States,California
471427461,3,2023,3,United States,California
471438019,2,2023,3,Germany,California
471461246,5,2023,3,United Kingdom,HongKong
471516994,5,2023,3,United Kingdom,HongKong
471528062,5,2023,3,Malaysia,HongKong
471560929,4,2023,3,Australia,HongKong
471619499,5,2023,3,United Arab Emirates,HongKong
471628167,5,2023,3,Italy,Paris
471644937,5,2023,3,United States,California
471689300,3,2023,3,United States,California
471696605,4,2023,2,India,HongKong
471716796,5,2023,3,United States,California
471717171,5,2023,3,Norway,California
471737374,4,2023,3,United States,California
471743106,3,2023,3,United States,California
471756779,2,2023,3,China,HongKong
471772289,5,2023,3,United States,California
471785319,4,2023,4,United States,Paris
471792864,5,2023,3,Indonesia,HongKong
471797134,5,2023,3,United Kingdom,Paris
471803402,5,2023,3,United Arab Emirates,HongKong
471854403,5,2023,3,United Kingdom,Paris
471882997,5,2023,3,United Kingdom,Paris
471886561,5,2023,4,United States,California
471893804,5,2023,3,Canada,California
471934402,5,2023,3,United States,California
471944971,5,2023,4,United States,California
471956742,4,2023,4,Switzerland,Paris
471986044,3,2023,3,United States,California
471993501,5,2023,4,United States,California
472002272,4,2023,4,United States,California
472006559,3,2023,3,United Arab Emirates,HongKong
472006566,4,2023,2,Australia,HongKong
472020280,5,2023,3,United Kingdom,Paris
472032312,4,2023,4,Canada,Paris
472057505,4,2023,4,Philippines,HongKong
472069328,5,2023,4,Australia,California
472077153,3,2023,4,United Kingdom,Paris
472128167,4,2023,4,Canada,California
472140155,5,2023,3,Philippines,HongKong
472164529,4,2023,4,Iran,Paris
472186106,3,2023,4,Japan,HongKong
472205733,5,2023,3,United States,California
472206697,5,2023,4,United States,California
472232461,5,2023,3,United States,California
472253837,3,2023,3,United States,California
472306047,4,2023,3,Australia,HongKong
472311300,5,2023,3,United Kingdom,Paris
472338095,3,2023,3,United Kingdom,Paris
472369759,4,2023,3,United Kingdom,Paris
472403371,5,2023,4,United States,California
472463790,4,2023,4,United States,California
472473698,5,2023,3,United States,Paris
472477777,3,2023,4,United Kingdom,Paris
472487105,5,2023,3,United Kingdom,Paris
472487429,5,2023,3,Hong Kong,HongKong
472520863,5,2023,3,Singapore,HongKong
472524096,5,2023,3,United States,California
472541392,5,2023,4,Lithuania,HongKong
472549228,5,2023,3,Indonesia,HongKong
472550119,5,2023,4,United Kingdom,Paris
472569856,5,2023,3,United Kingdom,Paris
472585069,4,2023,3,India,HongKong
472591778,4,2023,3,India,HongKong
472665713,1,2023,3,United States,California
472688288,4,2023,3,United States,California
472732247,5,2023,4,United Kingdom,Paris
472761251,5,2023,2,United States,California
472773299,5,2023,3,United States,HongKong
472785343,4,2023,4,United Kingdom,HongKong
472797655,5,2023,4,United States,California
472821911,1,2023,3,United Kingdom,Paris
472928637,5,2023,4,United States,California
472971449,2,2023,4,United Kingdom,Paris
473027346,5,2023,3,United States,California
473032703,3,2023,3,Singapore,HongKong
473049841,2,2023,4,United States,California
473054123,1,2023,4,United Arab Emirates,HongKong
473139495,5,2023,3,United Kingdom,Paris
473158059,3,2023,4,United Kingdom,Paris
473195916,3,2023,4,United Kingdom,Paris
473246778,5,2023,4,United States,California
473279765,5,2023,3,United States,California
473281927,5,2023,4,India,HongKong
473293014,4,2023,4,United Kingdom,HongKong
473293431,5,2023,3,United States,California
473300756,3,2023,4,Australia,HongKong
473309444,5,2023,4,United Kingdom,Paris
473334020,3,2023,4,Australia,HongKong
473363336,5,2023,4,United Kingdom,Paris
473391251,4,2023,4,India,HongKong
473395701,3,2023,4,Australia,California
473420268,4,2023,3,United States,California
473425029,4,2023,3,United Kingdom,Paris
473441042,5,2023,4,United Kingdom,Paris
473443287,4,2023,3,United Kingdom,Paris
473449271,4,2023,3,United States,California
473474078,5,2023,3,United States,California
473485816,5,2023,4,United States,Paris
473491932,3,2023,4,United Kingdom,Paris
473502441,5,2023,4,United Kingdom,Paris
473516988,5,2023,4,United Kingdom,Paris
473523872,4,2023,4,United Kingdom,HongKong
473546594,5,2023,4,United Kingdom,HongKong
473552884,5,2023,1,Denmark,Paris
473555387,4,2023,4,United Kingdom,California
473572969,5,2023,3,United Kingdom,Paris
473610918,5,2023,4,United Kingdom,Paris
473616034,4,2023,4,United Kingdom,Paris
473624352,4,2023,4,United States,California
473631426,4,2023,3,United Kingdom,Paris
473671669,5,2023,4,United States,California
473689998,4,2023,3,New Zealand,HongKong
473701221,5,2023,4,United States,California
473715786,2,2023,4,United States,California
473716061,5,2023,4,China,HongKong
473725583,4,2023,3,United States,California
473770976,4,2023,4,United Kingdom,Paris
473814605,5,2023,4,Hong Kong,HongKong
473829984,5,2023,4,United Kingdom,Paris
473838920,5,2023,4,United Kingdom,Paris
473843297,5,2023,3,United Kingdom,Paris
473849537,4,2023,4,United States,California
473894998,5,2023,3,Canada,California
473943470,5,2023,3,United States,California
473943500,3,2023,4,United States,California
473981090,4,2023,4,United States,Paris
474005984,4,2023,4,United Kingdom,Paris
474009766,5,2023,3,United Kingdom,Paris
474053404,5,2023,4,Australia,HongKong
474088564,5,2023,4,United Kingdom,Paris
474092861,2,2023,3,United States,California
474108280,5,2023,4,United Kingdom,Paris
474125547,1,2023,4,United States,California
474157662,4,2023,4,Belgium,Paris
474164468,5,2023,4,United States,California
474193990,5,2023,4,United States,California
474242089,4,2023,3,United States,Paris
474248631,5,2023,2,United States,California
474273446,3,2023,4,United States,California
474295374,5,2023,4,United States,California
474349672,5,2023,4,United States,California
474372161,5,2023,4,United States,California
474373145,5,2023,4,Russia,HongKong
474414609,5,2023,4,Australia,HongKong
474421378,4,2023,1,United Kingdom,Paris
474439282,4,2023,4,Australia,HongKong
474443699,1,2023,4,Israel,Paris
474446966,3,2023,4,United Kingdom,Paris
474451880,4,2023,2,Philippines,HongKong
474473836,5,2023,3,Hungary,Paris
474474815,4,2023,4,Malaysia,HongKong
474480221,3,2023,4,United Kingdom,HongKong
474495473,5,2023,4,United Kingdom,Paris
474497211,5,2023,4,China,HongKong
474564874,4,2023,3,Thailand,HongKong
474577782,4,2023,4,United Kingdom,Paris
474629145,4,2023,4,Australia,HongKong
474637404,5,2023,4,United States,Paris
474664569,5,2023,4,United States,California
474681796,5,2023,4,Singapore,HongKong
474689751,5,2023,4,United Kingdom,Paris
474696674,4,2023,4,Cyprus,Paris
474752757,1,2023,4,United Kingdom,Paris
474773189,5,2023,4,United Kingdom,Paris
474776628,5,2023,3,United States,California
474791563,5,2023,4,United Kingdom,Paris
474794975,5,2023,2,United States,California
474797346,5,2023,4,United Kingdom,Paris
474801234,5,2023,4,New Zealand,California
474806677,4,2023,4,United States,Paris
474842467,4,2023,4,United States,California
474868419,2,2023,4,United States,Paris
474876916,3,2023,3,New Zealand,Paris
474916547,5,2023,4,United Kingdom,Paris
474933763,5,2023,4,Germany,HongKong
474964516,5,2023,3,United States,California
474996861,5,2023,3,India,HongKong
474998980,5,2023,4,United Kingdom,Paris
475027411,5,2023,4,Australia,California
475050958,3,2023,4,United Kingdom,Paris
475061118,5,2023,3,Canada,California
475101717,1,2023,4,Australia,Paris
475118861,4,2023,4,Australia,HongKong
475157652,5,2023,4,United States,HongKong
475158859,5,2023,3,Philippines,HongKong
475159285,4,2023,4,Australia,California
475165667,3,2023,2,Macau,HongKong
475166102,5,2023,4,Singapore,HongKong
475167760,4,2023,3,Australia,HongKong
475171007,3,2023,4,Denmark,Paris
475207085,5,2023,4,United Kingdom,Paris
475247272,5,2023,3,United Kingdom,Paris
475261838,4,2023,4,United Kingdom,HongKong
475284326,5,2023,4,United Kingdom,Paris
475307065,5,2023,4,United Kingdom,Paris
475337587,1,2023,4,Nigeria,Paris
475341416,4,2023,4,United Kingdom,Paris
475349448,5,2023,4,Australia,California
475350114,3,2023,4,United States,California
475370711,4,2023,3,Canada,California
475373441,5,2023,4,United States,California
475373762,1,2023,4,United Kingdom,Paris
475398328,5,2023,4,United Kingdom,Paris
475404272,4,2023,4,Australia,HongKong
475407878,3,2023,4,United Kingdom,Paris
475408081,3,2023,4,United Kingdom,HongKong
475414958,1,2023,4,United States,California
475418302,5,2023,4,Australia,California
475427463,1,2023,4,United States,California
475432328,5,2023,4,India,HongKong
475474633,4,2023,3,United Kingdom,Paris
475479387,5,2023,4,United Kingdom,Paris
475488462,4,2023,4,United Arab Emirates,Paris
475496135,5,2023,3,India,HongKong
475574892,3,2023,4,United States,California
475602139,2,2023,4,Canada,Paris
475609879,5,2023,1,United Kingdom,Paris
475612584,5,2023,4,United States,California
475618341,2,2023,4,United Kingdom,HongKong
475632884,2,2023,4,United Kingdom,Paris
475632969,1,2023,3,Canada,HongKong
475634805,4,2023,2,Malta,Paris
475663524,5,2023,4,United States,California
475670489,4,2023,4,United States,California
475675835,3,2023,4,United States,California
475687272,5,2023,4,Australia,HongKong
475689767,3,2023,4,Malaysia,HongKong
475699027,5,2023,4,Thailand,HongKong
475700796,5,2023,4,Thailand,HongKong
475717668,4,2023,2,United States,California
475765839,4,2023,4,India,HongKong
475805020,5,2023,4,Peru,HongKong
475814732,5,2023,4,United States,HongKong
475838143,4,2023,4,United States,California
475841405,4,2023,4,United Kingdom,Paris
475851786,3,2023,4,United States,Paris
475854752,4,2023,4,United Kingdom,Paris
475916797,5,2023,4,United States,Paris
475925934,5,2023,4,Australia,California
475934654,5,2023,4,United Kingdom,California
475965105,5,2023,3,Australia,California
475986143,5,2023,4,India,HongKong
476002881,4,2023,4,Singapore,HongKong
476027265,5,2023,4,Australia,HongKong
476039262,4,2023,3,United Kingdom,HongKong
476045167,5,2023,4,United Kingdom,HongKong
476070734,5,2023,4,Australia,HongKong
476075545,2,2023,4,United Kingdom,California
476090035,5,2023,4,New Zealand,HongKong
476123197,4,2023,4,United Kingdom,Paris
476136710,5,2023,4,United Kingdom,Paris
476169643,1,2023,4,United Kingdom,Paris
476233055,5,2023,4,United Kingdom,HongKong
476244527,3,2023,3,United Kingdom,Paris
476252258,4,2023,4,Japan,HongKong
476255937,4,2023,4,United States,California
476267791,4,2023,4,Australia,HongKong
476298849,5,2023,4,United States,California
476308636,5,2023,4,Singapore,HongKong
476326803,5,2023,1,Australia,Paris
476355208,2,2023,4,Greece,Paris
476368136,5,2023,4,United States,HongKong
476415790,3,2023,4,United States,Paris
476429758,4,2023,4,Norway,Paris
476465748,5,2023,4,Sweden,HongKong
476491971,4,2023,4,Gibraltar,Paris
476541835,2,2023,4,United Kingdom,Paris
476555378,5,2023,4,United States,California
476566710,4,2023,4,United Kingdom,Paris
476618155,4,2023,4,United States,California
476626006,5,2023,4,United States,California
476634090,1,2023,4,United States,California
476642692,5,2023,4,Indonesia,HongKong
476680394,4,2023,4,Australia,HongKong
476686910,4,2023,4,Germany,Paris
476706601,5,2023,3,United States,California
476757642,5,2023,4,United Kingdom,Paris
476776357,3,2023,4,United States,California
476791775,5,2023,4,United Kingdom,Paris
476802324,5,2023,4,United States,California
476812555,5,2023,3,United Kingdom,Paris
476826751,5,2023,4,United States,California
476831508,4,2023,4,United Kingdom,HongKong
476842838,1,2023,4,United Kingdom,Paris
476864857,3,2023,4,United States,Paris
476869488,5,2023,4,United Kingdom,HongKong
476884269,5,2023,4,United States,California
476884893,5,2023,4,Germany,Paris
476897821,2,2023,4,United Kingdom,Paris
476938064,3,2023,1,United States,Paris
476978475,5,2023,4,Australia,HongKong
476988322,5,2023,4,Australia,HongKong
476988540,5,2023,4,Australia,HongKong
477004162,5,2023,4,Australia,California
477007192,5,2023,4,United States,California
477011489,5,2023,4,United Kingdom,Paris
477044052,5,2023,4,United Kingdom,Paris
477107000,5,2023,4,United States,California
477115489,4,2023,4,France,Paris
477141445,4,2023,4,Nigeria,Paris
477163845,3,2023,4,United Kingdom,Paris
477170770,3,2023,4,United States,HongKong
477170871,4,2023,3,United States,Paris
477183545,5,2023,1,United Kingdom,Paris
477214224,4,2023,4,United States,California
477231569,3,2023,4,United States,California
477231763,5,2023,4,United States,California
477243122,5,2023,4,United States,Paris
477243506,5,2023,4,United States,California
477244562,5,2023,4,United States,HongKong
477291490,4,2023,4,Thailand,HongKong
477295500,5,2023,2,United States,California
477314163,4,2023,4,United Kingdom,Paris
477336436,5,2023,4,Australia,California
477340830,5,2023,4,New Zealand,HongKong
477359395,5,2023,1,Australia,HongKong
477373432,5,2023,4,Australia,California
477422432,5,2023,3,Hong Kong,HongKong
477423584,3,2023,4,Israel,California
477426880,4,2023,4,United Kingdom,Paris
477432674,4,2023,4,United Kingdom,Paris
477434043,4,2023,4,Canada,HongKong
477440340,5,2023,4,India,HongKong
477518034,5,2023,4,Australia,California
477556000,2,2023,4,United States,California
477576770,3,2023,4,United Arab Emirates,Paris
477582666,5,2023,4,United States,California
477586197,4,2023,4,Canada,California
477591577,5,2023,4,New Zealand,California
477606287,5,2023,4,Philippines,HongKong
477608771,3,2023,4,Indonesia,Paris
477616365,3,2023,4,United Kingdom,Paris
477628453,3,2023,4,United States,Paris
477630172,4,2023,4,New Zealand,Paris
477651300,5,2023,3,Australia,HongKong
477673218,5,2023,4,United Arab Emirates,HongKong
477705950,4,2023,4,United States,California
477713645,3,2023,4,United Kingdom,Paris
477757921,4,2023,4,United States,California
477776370,5,2023,4,United Kingdom,Paris
477797230,3,2023,4,Canada,Paris
477810005,5,2023,4,United Kingdom,Paris
477828644,5,2023,4,United States,California
477836593,5,2023,4,United States,California
477853994,5,2023,4,Australia,California
477862717,5,2023,4,Australia,California
477884376,4,2023,4,China,HongKong
477890360,4,2023,4,United Kingdom,Paris
477890947,4,2023,4,Philippines,HongKong
477909888,4,2023,4,United Kingdom,Paris
477915721,5,2023,3,United Kingdom,California
477918603,1,2023,4,United Kingdom,Paris
477923739,4,2023,4,United States,HongKong
477976215,5,2023,4,United Kingdom,Paris
477976693,5,2023,4,New Zealand,California
477989240,5,2023,1,United Kingdom,Paris
478025271,2,2023,3,United States,California
478039172,2,2023,4,United States,Paris
478106575,5,2023,4,United States,California
478114424,5,2023,4,Australia,HongKong
478134007,5,2023,4,United Kingdom,California
478138149,4,2023,4,Netherlands,Paris
478148485,4,2023,4,United Kingdom,HongKong
478155435,3,2023,4,United States,Paris
478159045,5,2023,4,Germany,Paris
478187675,5,2023,4,United Kingdom,Paris
478198102,4,2023,4,Australia,HongKong
478203779,5,2023,4,United States,HongKong
478214998,3,2023,4,Colombia,California
478234386,4,2023,4,United Kingdom,Paris
478343391,5,2023,2,United Kingdom,Paris
478364808,4,2023,4,Australia,HongKong
478365634,5,2023,1,United States,California
478374721,4,2023,3,United States,California
478376738,5,2023,4,New Zealand,California
478383940,4,2023,4,Myanmar (Burma),HongKong
478472302,5,2023,2,Qatar,HongKong
478536261,1,2023,4,United Kingdom,Paris
478554059,5,2023,4,United States,California
478558937,4,2023,4,Australia,HongKong
478561593,4,2023,4,United States,Paris
478562407,5,2023,4,Canada,California
478571686,5,2023,4,United States,California
478656047,5,2023,4,United States,California
478662092,5,2023,3,United Kingdom,HongKong
478662924,5,2023,4,United States,California
478673049,5,2023,4,United States,California
478704965,5,2023,4,United States,California
478711174,3,2023,4,Hong Kong,HongKong
478712979,3,2023,4,Australia,California
478714723,5,2023,4,United States,California
478736328,4,2023,4,Hong Kong,HongKong
478743271,5,2023,4,Brunei,HongKong
478765007,5,2023,3,Australia,HongKong
478791417,5,2023,3,Malaysia,HongKong
478802867,5,2023,4,United Kingdom,HongKong
478803736,5,2023,4,Australia,HongKong
478842199,2,2023,4,Belgium,Paris
478861007,3,2023,4,United Kingdom,Paris
478863049,5,2023,4,United Kingdom,Paris
478881254,4,2023,4,Australia,HongKong
478972993,5,2023,4,United States,California
478975270,5,2023,4,United States,California
478985136,2,2023,4,Portugal,Paris
479057739,4,2023,4,New Zealand,California
479062963,5,2023,4,India,Paris
479073130,5,2023,2,Belgium,Paris
479080464,4,2023,4,United States,Paris
479093671,4,2023,3,United Arab Emirates,HongKong
479099720,5,2023,4,United Kingdom,Paris
479171327,5,2023,4,Australia,California
479190440,5,2023,4,United Kingdom,Paris
479192051,4,2023,4,Ireland,California
479210402,5,2023,3,Canada,California
479217089,5,2023,4,United States,California
479257963,2,2023,4,Spain,Paris
479268756,4,2023,4,United Kingdom,California
479321414,3,2023,4,Denmark,HongKong
479334863,5,2023,3,United Kingdom,HongKong
479342533,4,2023,1,United States,California
479345870,4,2023,4,United States,California
479350925,3,2023,4,India,HongKong
479352380,3,2023,4,New Zealand,California
479361597,5,2023,4,Australia,HongKong
479377568,3,2023,4,United Kingdom,Paris
479421651,5,2023,4,United States,California
479436244,4,2023,1,United Kingdom,Paris
479454011,2,2023,4,Ireland,Paris
479463316,4,2023,4,Australia,HongKong
479552042,5,2023,4,United Kingdom,Paris
479559500,5,2023,4,United States,California
479576898,4,2023,4,United Kingdom,HongKong
479577599,5,2023,4,United Kingdom,Paris
479615525,5,2023,4,Australia,California
479636065,4,2023,4,United States,California
479640497,4,2023,4,Australia,HongKong
479642723,5,2023,4,United States,California
479661468,5,2023,4,Australia,California
479668611,4,2023,4,United Kingdom,Paris
479722594,5,2023,4,United States,California
479748330,5,2023,4,Canada,California
479752320,4,2023,4,Indonesia,HongKong
479763629,5,2023,4,Canada,HongKong
479797721,5,2023,4,United Kingdom,Paris
479852943,4,2023,4,United States,California
479858486,4,2023,4,Australia,HongKong
479868491,4,2023,4,United States,California
479890978,5,2023,3,India,HongKong
479891950,5,2023,4,United Kingdom,California
479913039,3,2023,4,United Kingdom,HongKong
479920610,5,2023,4,United States,California
479928635,1,2023,4,United Kingdom,Paris
479933560,1,2023,4,Australia,Paris
479961331,5,2023,4,United Kingdom,Paris
479980277,4,2023,4,Singapore,HongKong
479993709,5,2023,4,Indonesia,HongKong
480016937,4,2023,4,Australia,California
480023268,5,2023,4,United Kingdom,California
480025949,2,2023,4,India,Paris
480046862,5,2023,4,United Kingdom,Paris
480048463,5,2023,4,Portugal,Paris
480049905,5,2023,4,Australia,HongKong
480054626,4,2023,4,Switzerland,HongKong
480058378,3,2023,4,United States,California
480067467,5,2023,4,United States,California
480079942,4,2023,4,Australia,HongKong
480085872,5,2023,4,United States,California
480094854,5,2023,4,United States,California
480109740,2,2023,4,Malta,Paris
480112727,5,2023,3,Australia,California
480137491,1,2023,4,Qatar,Paris
480166256,4,2023,4,United Kingdom,California
480191723,5,2023,4,India,Paris
480194896,5,2023,4,United Kingdom,Paris
480264477,5,2023,4,United Kingdom,Paris
480302280,4,2023,4,United Kingdom,Paris
480330693,2,2023,4,United States,Paris
480338392,5,2023,4,United Kingdom,California
480347937,5,2023,4,Australia,HongKong
480348303,2,2023,4,United States,California
480349902,5,2023,3,Australia,Paris
480355545,5,2023,4,United States,California
480395199,2,2023,4,United States,California
480409461,5,2023,4,Canada,California
480415211,5,2023,4,United Kingdom,Paris
480422831,1,2023,4,United Kingdom,Paris
480455858,5,2023,1,Indonesia,HongKong
480460298,3,2023,4,Spain,Paris
480468248,5,2023,4,Netherlands,Paris
480527564,4,2023,5,United Kingdom,Paris
480543325,3,2023,4,United Kingdom,HongKong
480563144,5,2023,4,United States,California
480566903,3,2023,4,United States,California
480596236,4,2023,4,United States,HongKong
480605395,4,2023,4,United Kingdom,Paris
480610932,4,2023,5,Norway,California
480663313,4,2023,4,United States,California
480680524,4,2023,4,United States,California
480710840,5,2023,4,United States,California
480719567,5,2023,5,Canada,California
480722084,1,2023,5,Australia,HongKong
480859008,4,2023,4,United Kingdom,HongKong
480860137,5,2023,4,Brazil,HongKong
480899162,5,2023,4,United Kingdom,Paris
480914681,5,2023,4,United Kingdom,Paris
480930944,3,2023,4,United Kingdom,HongKong
480950773,4,2023,4,Singapore,Paris
480951832,2,2023,4,United Kingdom,Paris
480981528,4,2023,4,United Kingdom,HongKong
480995606,4,2023,4,United Kingdom,California
481037428,4,2023,4,United States,California
481075645,4,2023,5,Australia,HongKong
481101921,5,2023,3,Canada,California
481102603,5,2023,4,United States,California
481103955,3,2023,5,Australia,HongKong
481108330,5,2023,5,South Africa,HongKong
481116136,5,2023,4,United Kingdom,HongKong
481116210,5,2023,4,United States,California
481127923,2,2023,4,Australia,HongKong
481136183,4,2023,4,United Kingdom,Paris
481189227,5,2023,5,United States,HongKong
481220908,4,2023,4,Netherlands,Paris
481237432,5,2023,5,United States,California
481246945,5,2023,4,United Kingdom,Paris
481283383,4,2023,4,United States,HongKong
481329642,3,2023,4,United Kingdom,Paris
481334047,5,2023,5,United States,California
481338670,1,2023,5,United Kingdom,Paris
481342978,4,2023,1,United States,California
481351046,3,2023,4,United Kingdom,California
481408468,4,2023,4,Norway,Paris
481413571,3,2023,3,United States,California
481423727,3,2023,5,Croatia,California
481450996,5,2023,5,Australia,California
481452583,5,2023,5,Philippines,HongKong
481507082,4,2023,4,Philippines,HongKong
481507910,4,2023,4,Singapore,HongKong
481516316,4,2023,5,United States,Paris
481537192,5,2023,4,United Kingdom,HongKong
481580721,4,2023,5,United Kingdom,HongKong
481583508,5,2023,4,Poland,Paris
481583775,5,2023,5,India,California
481587306,5,2023,4,United Kingdom,Paris
481615598,3,2023,5,Australia,California
481621003,2,2023,4,Ireland,Paris
481633052,3,2023,4,United States,California
481646968,4,2023,4,United States,California
481649759,5,2023,4,Thailand,HongKong
481683772,5,2023,4,United Kingdom,Paris
481691005,5,2023,5,Australia,California
481702862,4,2023,4,United Kingdom,California
481727960,5,2023,5,Thailand,HongKong
481734171,5,2023,5,United States,California
481736082,4,2023,4,United States,California
481749681,4,2023,5,Australia,HongKong
481775381,5,2023,4,Philippines,HongKong
481793097,5,2023,4,United States,California
481858855,5,2023,4,Australia,Paris
481859282,5,2023,5,Australia,HongKong
481935962,5,2023,5,United Kingdom,Paris
481936685,5,2023,5,United Kingdom,Paris
481936687,3,2023,5,United Kingdom,California
481942444,4,2023,4,United States,California
481954027,3,2023,5,United Kingdom,Paris
481954617,5,2023,1,United States,California
481969754,5,2023,4,United States,California
481971777,4,2023,5,United States,California
481978969,4,2023,4,Philippines,HongKong
482003389,4,2023,5,United States,California
482015661,5,2023,5,Indonesia,HongKong
482020640,5,2023,4,Australia,HongKong
482023120,5,2023,4,United Kingdom,Paris
482042465,1,2023,5,Australia,Paris
482085874,5,2023,5,United States,California
482087600,5,2023,2,United Kingdom,Paris
482090386,5,2023,5,Netherlands,Paris
482109169,5,2023,5,United States,California
482125919,5,2023,4,India,Paris
482127757,4,2023,4,United States,HongKong
482129803,5,2023,4,United States,HongKong
482158812,5,2023,4,United States,Paris
482163502,5,2023,4,United States,California
482167702,5,2023,5,United States,California
482180252,3,2023,5,United States,California
482205423,5,2023,5,New Zealand,HongKong
482223302,5,2023,5,United States,California
482226674,5,2023,5,India,HongKong
482229706,5,2023,5,United States,California
482262209,5,2023,5,United Kingdom,Paris
482299810,5,2023,4,China,HongKong
482312595,3,2023,5,United Kingdom,Paris
482317447,4,2023,5,Canada,HongKong
482319478,5,2023,3,United Kingdom,Paris
482338946,3,2023,5,United States,California
482434145,3,2023,5,United States,California
482455416,4,2023,5,United Kingdom,Paris
482469966,5,2023,5,United States,California
482474047,5,2023,5,United States,California
482495488,4,2023,5,United States,HongKong
482586375,5,2023,4,Australia,California
482588348,5,2023,5,Thailand,HongKong
482620873,5,2023,5,Ireland,Paris
482660316,4,2023,4,United States,California
482669106,4,2023,5,United States,California
482684803,5,2023,5,United States,Paris
482698262,5,2023,4,United States,HongKong
482733566,5,2023,4,Belgium,Paris
482763814,2,2023,5,United States,California
482769817,5,2023,1,Mexico,Paris
482806135,5,2023,5,New Zealand,California
482835358,5,2023,5,United Kingdom,Paris
482837215,5,2023,5,India,HongKong
482948133,2,2023,5,Australia,Paris
483049476,5,2023,5,United States,California
483062911,5,2023,5,Australia,California
483063850,4,2023,4,Australia,HongKong
483215863,5,2023,4,United States,California
483239132,5,2023,4,United Kingdom,Paris
483255145,4,2023,5,United Kingdom,Paris
483300892,5,2023,5,United States,California
483302300,5,2023,4,New Zealand,California
483307291,5,2023,5,United States,California
483315613,4,2023,5,Singapore,HongKong
483325270,4,2023,5,Australia,California
483340792,5,2023,4,United States,HongKong
483341522,3,2023,5,Puerto Rico,California
483412291,4,2023,4,United Kingdom,Paris
483420080,5,2023,4,United Kingdom,HongKong
483455282,5,2023,5,United States,California
483456940,4,2023,5,Hong Kong,HongKong
483457243,4,2023,5,United States,California
483541469,4,2023,4,New Zealand,California
483566888,5,2023,5,United Kingdom,Paris
483603734,2,2023,5,Australia,HongKong
483606721,5,2023,5,Hong Kong,HongKong
483651802,5,2023,5,Philippines,HongKong
483657676,5,2023,5,Australia,California
483726223,5,2023,4,United States,California
483734725,2,2023,4,Mexico,California
483743356,5,2023,5,United Kingdom,Paris
483759289,4,2023,5,Philippines,HongKong
483807456,4,2023,5,United Kingdom,Paris
483830532,4,2023,4,Australia,California
483853131,3,2023,4,United Kingdom,California
483868154,4,2023,4,United Kingdom,Paris
483870929,5,2023,4,Australia,HongKong
483877783,5,2023,5,United States,California
483900495,5,2023,4,United Arab Emirates,HongKong
483911624,5,2023,5,United States,California
483914906,5,2023,5,United States,California
483943125,5,2023,4,United Kingdom,California
483949415,5,2023,5,United States,Paris
483950482,5,2023,5,United States,California
483980221,5,2023,5,United States,California
483982665,5,2023,4,Australia,California
484079644,5,2023,5,Egypt,Paris
484159726,2,2023,5,Ireland,Paris
484164435,5,2023,4,United States,California
484167412,4,2023,5,Qatar,California
484212281,4,2023,5,Canada,HongKong
484221032,1,2023,5,United States,California
484221976,4,2023,1,Canada,HongKong
484222724,4,2023,5,United States,Paris
484241303,5,2023,5,United States,California
484301524,4,2023,5,Italy,Paris
484306275,5,2023,3,United Kingdom,Paris
484311967,5,2023,5,United Kingdom,Paris
484328036,5,2023,5,United Kingdom,Paris
484342070,5,2023,5,United Kingdom,Paris
484374084,4,2023,5,United Kingdom,Paris
484432232,5,2023,5,Norway,Paris
484437432,5,2023,5,United States,California
484437603,5,2023,5,France,Paris
484481059,5,2023,5,United States,California
484489855,5,2023,5,United Kingdom,Paris
484512345,5,2023,5,United States,California
484514797,3,2023,5,United States,California
484552256,5,2023,5,United Kingdom,Paris
484591165,4,2023,5,United Kingdom,Paris
484616342,4,2023,4,United States,Paris
484664014,5,2023,5,United Kingdom,Paris
484670794,1,2023,1,United States,California
484672545,2,2023,5,United Kingdom,Paris
484696915,3,2023,5,United States,California
484712598,5,2023,5,United States,California
484714235,2,2023,5,Canada,California
484757664,5,2023,4,United States,California
484762031,5,2023,4,United States,California
484769343,5,2023,4,United States,California
484771820,5,2023,5,United States,California
484772493,5,2023,5,United States,California
484783050,5,2023,5,United States,California
484787868,5,2023,5,Canada,California
484794536,3,2023,5,United States,California
484795708,5,2023,5,Hong Kong,HongKong
484813907,5,2023,5,Australia,California
484818717,4,2023,5,United Kingdom,Paris
484833527,4,2023,5,Canada,HongKong
484841637,5,2023,5,Greece,Paris
484889049,5,2023,4,Ireland,Paris
484911247,3,2023,4,United States,California
484916543,5,2023,4,United States,California
484921425,5,2023,5,Singapore,HongKong
484924864,5,2023,4,United States,California
484930411,4,2023,5,Philippines,HongKong
484940343,4,2023,5,United Kingdom,HongKong
484963801,1,2023,5,United States,California
484969532,5,2023,5,United Kingdom,California
484978204,4,2023,5,United States,California
485013240,5,2023,5,Italy,Paris
485013642,5,2023,5,United Kingdom,Paris
485041560,5,2023,5,United Kingdom,Paris
485057041,5,2023,5,Australia,California
485100420,5,2023,5,Australia,California
485102838,5,2023,5,Ireland,Paris
485143539,3,2023,5,United States,California
485153919,1,2023,4,Australia,Paris
485177745,5,2023,5,United Arab Emirates,HongKong
485181948,5,2023,5,United States,California
485227567,4,2023,5,India,Paris
485242882,5,2023,5,United States,Paris
485298868,5,2023,4,Qatar,HongKong
485300532,5,2023,5,Philippines,HongKong
485303797,5,2023,2,Indonesia,HongKong
485316873,3,2023,5,Belgium,HongKong
485329486,5,2023,5,United Kingdom,HongKong
485359262,2,2023,5,United States,California
485414452,5,2023,5,United States,California
485427014,5,2023,5,Ireland,Paris
485437369,5,2023,4,Canada,HongKong
485458909,4,2023,5,United States,California
485478573,4,2023,5,United Kingdom,California
485484230,4,2023,5,United States,California
485486056,5,2023,5,United States,California
485489449,5,2023,5,Australia,California
485549393,5,2023,5,Ireland,Paris
485564003,4,2023,5,Australia,HongKong
485592046,5,2023,5,United Kingdom,Paris
485641331,5,2023,4,United Kingdom,Paris
485652071,5,2023,4,Ireland,Paris
485741338,5,2023,4,Italy,Paris
485742255,4,2023,5,United States,California
485754657,5,2023,5,United States,California
485772078,4,2023,5,United States,California
485785374,4,2023,5,Philippines,HongKong
485814929,5,2023,5,India,HongKong
485821453,2,2023,5,India,California
485850398,5,2023,4,Germany,California
485861960,5,2023,5,New Zealand,California
485888551,5,2023,5,Philippines,HongKong
485890964,4,2023,3,Malaysia,HongKong
485893311,5,2023,3,United States,California
486002234,1,2023,5,United States,California
486003272,4,2023,5,New Zealand,California
486005451,4,2023,3,United States,California
486007388,5,2023,5,Australia,California
486007616,3,2023,3,United States,HongKong
486009819,5,2023,5,United States,HongKong
486025247,4,2023,5,Australia,California
486034795,1,2023,5,Hong Kong,HongKong
486115840,4,2023,5,Ireland,Paris
486134594,5,2023,5,United States,California
486134747,3,2023,5,Italy,California
486138544,5,2023,1,United Kingdom,Paris
486143205,3,2023,5,Finland,HongKong
486179446,4,2023,5,United Kingdom,HongKong
486217118,5,2023,5,United States,Paris
486229811,4,2023,4,United States,HongKong
486258356,5,2023,4,United States,California
486272452,4,2023,5,United States,California
486295306,5,2023,5,United States,California
486320599,5,2023,3,Philippines,HongKong
486470686,2,2023,3,United Kingdom,California
486506131,5,2023,5,United States,California
486508638,4,2023,4,United States,California
486523629,4,2023,3,United States,California
486546508,5,2023,5,Belgium,Paris
486580287,4,2023,5,United Kingdom,Paris
486597930,4,2023,5,United States,California
486604931,4,2023,5,United States,California
486608506,5,2023,5,United States,California
486610690,3,2023,5,United States,California
486624910,5,2023,1,Canada,California
486640397,5,2023,5,United States,California
486641051,5,2023,1,United States,California
486643409,4,2023,5,United States,California
486660712,4,2023,5,United States,California
486663936,5,2023,2,United States,California
486674895,3,2023,5,Canada,California
486696324,5,2023,5,Hong Kong,HongKong
486699175,5,2023,5,Thailand,HongKong
486699341,5,2023,5,Canada,HongKong
486709625,4,2023,4,Philippines,HongKong
486713007,4,2023,5,Indonesia,HongKong
486720514,3,2023,5,India,California
486731316,5,2023,5,Singapore,HongKong
486763738,5,2023,5,United Kingdom,Paris
486769189,5,2023,5,Malaysia,HongKong
486825277,2,2023,4,India,Paris
486826496,5,2023,5,Australia,HongKong
486962412,5,2023,5,Singapore,HongKong
486966628,4,2023,5,United Kingdom,Paris
486974751,5,2023,5,Greece,Paris
487010019,4,2023,5,United Kingdom,Paris
487040543,2,2023,5,United States,California
487064169,4,2023,4,United States,California
487102319,3,2023,3,France,Paris
487124598,4,2023,5,United Kingdom,Paris
487176060,3,2023,4,United States,California
487178607,5,2023,2,Argentina,HongKong
487210459,5,2023,5,United States,California
487229031,4,2023,3,Australia,HongKong
487371066,5,2023,4,United Kingdom,Paris
487403121,3,2023,5,United States,California
487404822,5,2023,5,United Kingdom,Paris
487411439,5,2023,5,United Kingdom,Paris
487426634,5,2023,5,United Kingdom,Paris
487428772,5,2023,5,Australia,Paris
487447902,5,2023,5,United States,California
487478325,5,2023,5,Australia,Paris
487492450,5,2023,4,United States,California
487498561,2,2023,5,United States,California
487508816,5,2023,4,Australia,California
487530396,5,2023,4,Canada,California
487533646,4,2023,4,United States,California
487534831,5,2023,2,United Kingdom,Paris
487534958,4,2023,2,Hong Kong,HongKong
487543889,5,2023,5,Australia,California
487545709,3,2023,5,India,HongKong
487551695,4,2023,5,United States,California
487572334,5,2023,5,India,HongKong
487576595,5,2023,5,Canada,California
487593876,5,2023,2,New Zealand,California
487603383,4,2023,5,Philippines,HongKong
487617179,5,2023,5,Tunisia,California
487621826,4,2023,5,India,Paris
487628440,5,2023,5,Spain,Paris
487633813,5,2023,5,India,HongKong
487638060,4,2023,5,United Kingdom,Paris
487803683,5,2023,5,Philippines,HongKong
487816984,4,2023,5,Mexico,California
487839213,5,2023,5,United States,California
487867697,5,2023,5,United States,HongKong
487899154,5,2023,5,Greece,Paris
487954148,5,2023,5,United States,HongKong
487964312,3,2023,5,United States,California
487975271,5,2023,5,United States,California
487997146,5,2023,5,United Arab Emirates,Paris
488003630,5,2023,5,India,California
488019314,5,2023,5,United Kingdom,California
488023045,2,2023,5,Netherlands,Paris
488085379,3,2023,5,United States,California
488085913,5,2023,5,United States,HongKong
488109431,5,2023,1,New Zealand,California
488114538,5,2023,5,United States,Paris
488115818,3,2023,5,United Kingdom,California
488192973,2,2023,5,United States,California
488214665,1,2023,5,United Kingdom,Paris
488215332,5,2023,5,Australia,California
488274820,1,2023,5,United States,California
488300221,4,2023,5,India,California
488300554,4,2023,5,Philippines,HongKong
488311705,1,2023,5,Hong Kong,HongKong
488325887,5,2023,5,United States,California
488335894,2,2023,5,Australia,California
488347300,4,2023,5,Australia,HongKong
488371106,5,2023,3,United States,HongKong
488375843,2,2023,5,India,Paris
488385242,5,2023,4,India,HongKong
488419537,4,2023,4,United Kingdom,Paris
488444443,5,2023,5,United States,California
488460754,4,2023,3,United Kingdom,Paris
488470385,1,2023,5,United Kingdom,Paris
488517969,4,2023,5,Canada,California
488537755,5,2023,4,United States,Paris
488543499,3,2023,4,Canada,California
488550912,5,2023,4,United States,Paris
488561459,5,2023,5,United States,HongKong
488587824,5,2023,5,Australia,HongKong
488591468,5,2023,4,Indonesia,Paris
488591641,5,2023,5,Australia,California
488606906,5,2023,5,India,HongKong
488609566,5,2023,5,United States,California
488612724,4,2023,5,United Kingdom,HongKong
488627373,4,2023,5,India,HongKong
488660676,4,2023,5,Canada,HongKong
488663731,5,2023,5,United States,Paris
488664850,5,2023,5,United Kingdom,HongKong
488705852,3,2023,5,United Kingdom,Paris
488747639,4,2023,5,Singapore,HongKong
488756868,5,2023,5,United States,California
488757287,5,2023,5,United States,California
488873582,5,2023,5,United Kingdom,Paris
488884374,4,2023,4,United Kingdom,Paris
488915285,5,2023,5,United States,HongKong
488924421,5,2023,5,Australia,HongKong
488935876,4,2023,5,United States,California
488969282,5,2023,5,India,Paris
488998277,4,2023,2,United Kingdom,Paris
489028753,3,2023,5,Switzerland,HongKong
489076098,4,2023,5,United States,California
489082709,5,2023,5,United Kingdom,Paris
489116637,4,2023,5,Thailand,HongKong
489170909,2,2023,5,United Kingdom,Paris
489223981,4,2023,5,Malaysia,HongKong
489249061,3,2023,5,United States,California
489282843,5,2023,5,India,Paris
489283384,4,2023,5,Qatar,Paris
489310478,5,2023,5,Hong Kong,HongKong
489336512,4,2023,5,United Arab Emirates,HongKong
489478091,5,2023,3,Australia,Paris
489485034,5,2023,6,United States,California
489644867,3,2023,6,Australia,Paris
489652578,5,2023,6,United States,California
489656849,2,2023,5,United Kingdom,Paris
489667859,5,2023,6,India,California
489668991,4,2023,5,United States,California
489683896,2,2023,5,Spain,Paris
489693361,4,2023,6,United Kingdom,Paris
489732322,5,2023,5,Canada,Paris
489755747,4,2023,6,India,Paris
489760923,5,2023,5,United Kingdom,Paris
489781993,4,2023,5,United Kingdom,Paris
489792553,2,2023,5,United Kingdom,California
489801332,2,2023,5,India,HongKong
489852337,5,2023,4,United Kingdom,Paris
489875269,5,2023,6,United States,California
489902566,3,2023,6,United States,Paris
489914113,5,2023,5,United States,California
489938733,5,2023,5,United Kingdom,Paris
489947340,4,2023,1,Finland,HongKong
489950770,1,2023,5,United States,California
489968712,5,2023,5,United States,California
489982430,5,2023,5,Philippines,HongKong
489989137,5,2023,6,United States,California
489997868,5,2023,6,New Zealand,California
489999459,4,2023,5,United States,California
490002960,5,2023,6,Singapore,HongKong
490019362,4,2023,5,United Kingdom,Paris
490032987,5,2023,5,Australia,California
490055457,5,2023,4,Australia,California
490062486,5,2023,6,United Kingdom,HongKong
490093671,5,2023,5,United Kingdom,Paris
490097106,4,2023,5,United Kingdom,Paris
490106661,5,2023,6,United States,California
490132903,3,2023,2,United Kingdom,Paris
490209873,4,2023,5,Australia,California
490245259,5,2023,5,Australia,California
490273735,5,2023,5,Indonesia,HongKong
490274311,5,2023,5,United Kingdom,Paris
490287496,5,2023,5,United Kingdom,Paris
490299679,5,2023,5,United Kingdom,Paris
490316237,5,2023,6,Australia,California
490336769,4,2023,5,United States,Paris
490364739,5,2023,4,United Kingdom,California
490368529,4,2023,6,Malawi,Paris
490391964,5,2023,6,United Kingdom,Paris
490434614,5,2023,5,United Kingdom,Paris
490472599,5,2023,6,United Kingdom,Paris
490487038,5,2023,5,Australia,California
490487069,5,2023,4,Australia,HongKong
490495748,1,2023,6,United States,California
490495819,3,2023,5,United States,California
490505716,3,2023,6,United States,California
490508580,5,2023,5,United States,California
490511369,5,2023,6,United States,California
490518614,5,2023,6,United States,California
490532258,5,2023,6,New Zealand,California
490546885,5,2023,6,United States,HongKong
490558977,3,2023,5,United States,California
490570570,5,2023,6,Malaysia,HongKong
490601311,5,2023,5,Australia,California
490614152,5,2023,5,India,HongKong
490639713,5,2023,6,United States,California
490721083,3,2023,6,United Kingdom,California
490746658,4,2023,6,United Kingdom,Paris
490748706,5,2023,5,United States,Paris
490787763,5,2023,6,United States,California
490789618,5,2023,6,Philippines,Paris
490789679,2,2023,6,United States,California
490802591,5,2023,5,United Kingdom,Paris
490830413,5,2023,5,India,Paris
490835654,5,2023,5,Malaysia,HongKong
490859639,5,2023,5,India,Paris
490893488,5,2023,6,Romania,Paris
490950065,4,2023,5,United Kingdom,Paris
490956412,5,2023,5,United States,Paris
491029741,5,2023,6,United States,California
491064800,5,2023,6,Ireland,Paris
491096431,5,2023,5,United States,California
491102112,4,2023,6,United Kingdom,Paris
491108737,3,2023,6,Canada,California
491110011,5,2023,6,India,HongKong
491118907,3,2023,5,United States,California
491134572,5,2023,5,United States,California
491148030,5,2023,4,Australia,HongKong
491176483,4,2023,5,India,HongKong
491186419,4,2023,6,United Kingdom,Paris
491196409,4,2023,6,United States,Paris
491260639,4,2023,6,Singapore,HongKong
491306583,5,2023,5,United Kingdom,Paris
491334028,5,2023,6,United States,California
491355206,4,2023,6,United States,California
491367553,5,2023,3,Canada,California
491369625,5,2023,5,Australia,HongKong
491378335,3,2023,5,India,Paris
491386681,3,2023,5,Indonesia,HongKong
491391349,5,2023,6,United States,California
491405797,3,2023,5,United States,California
491425692,5,2023,5,Philippines,Paris
491445051,5,2023,5,Australia,California
491473220,5,2023,6,United States,California
491510352,4,2023,6,India,Paris
491553611,5,2023,5,United Kingdom,Paris
491559090,5,2023,5,United Kingdom,Paris
491597085,5,2023,5,United States,California
491597803,5,2023,5,Canada,California
491629349,5,2023,5,United States,California
491640274,3,2023,6,United States,Paris
491642851,5,2023,6,India,California
491650140,5,2023,6,India,HongKong
491717441,5,2023,5,United Kingdom,Paris
491737474,4,2023,6,United Kingdom,Paris
491780900,4,2023,6,United Kingdom,Paris
491812360,3,2023,5,United States,California
491825181,4,2023,4,United States,HongKong
491890483,4,2023,6,United Kingdom,Paris
491903815,4,2023,4,Brazil,Paris
491962350,5,2023,6,India,HongKong
491964926,5,2023,5,Vietnam,HongKong
491976027,5,2023,6,Canada,California
491978275,5,2023,2,Canada,California
491987466,5,2023,5,Sri Lanka,California
492002979,3,2023,6,United States,Paris
492017124,1,2023,2,United Kingdom,California
492022555,5,2023,6,United States,California
492031778,4,2023,5,United States,California
492062207,5,2023,6,Australia,California
492084456,2,2023,5,India,HongKong
492150839,5,2023,6,Switzerland,Paris
492154970,5,2023,6,United States,California
492164834,1,2023,6,Taiwan,HongKong
492170334,5,2023,6,United States,HongKong
492171924,4,2023,6,Guam,HongKong
492205229,4,2023,5,Singapore,HongKong
492231936,5,2023,6,United States,California
492256548,3,2023,6,United Kingdom,Paris
492270122,5,2023,6,United States,California
492319460,4,2023,5,Australia,California
492334787,5,2023,6,Philippines,HongKong
492341207,5,2023,6,United Arab Emirates,HongKong
492343529,5,2023,6,Iran,Paris
492361955,5,2023,5,United Kingdom,Paris
492517371,2,2023,6,Singapore,Paris
492521952,5,2023,6,United States,Paris
492557486,5,2023,5,Puerto Rico,California
492584948,3,2023,4,United Kingdom,Paris
492600104,5,2023,6,Singapore,HongKong
492608247,5,2023,5,Australia,HongKong
492612764,5,2023,5,Australia,California
492622031,3,2023,2,United States,California
492652039,5,2023,5,United Kingdom,Paris
492666920,1,2023,6,Switzerland,Paris
492677869,5,2023,6,Philippines,HongKong
492687726,5,2023,1,Thailand,HongKong
492725267,5,2023,6,United States,California
492792109,5,2023,6,United States,California
492818395,5,2023,6,United Kingdom,California
492859803,5,2023,5,United States,Paris
492862742,1,2023,6,United States,California
492882992,3,2023,6,New Zealand,California
492884905,5,2023,6,Australia,HongKong
492886781,5,2023,6,Australia,California
492888486,5,2023,6,United States,California
492895842,4,2023,5,Philippines,HongKong
492967350,4,2023,6,United States,California
492996590,5,2023,5,Philippines,California
493022818,5,2023,6,India,HongKong
493029920,3,2023,6,Australia,Paris
493078337,5,2023,5,United Kingdom,Paris
493098799,1,2023,6,United States,California
493108258,4,2023,1,United States,Paris
493111849,4,2023,6,United Kingdom,Paris
493120892,4,2023,6,United States,California
493149219,5,2023,6,Australia,HongKong
493149420,4,2023,5,United States,California
493157896,5,2023,6,United States,California
493163024,5,2023,6,United States,California
493165659,4,2023,6,United States,California
493169270,4,2023,6,United States,California
493174946,4,2023,6,United Kingdom,Paris
493175519,5,2023,6,Philippines,HongKong
493183527,2,2023,6,United Kingdom,California
493198224,5,2023,6,United Kingdom,Paris
493229425,3,2023,5,Australia,Paris
493285271,2,2023,6,United Kingdom,Paris
493349283,5,2023,4,United States,California
493385778,4,2023,5,United Kingdom,Paris
493399702,5,2023,6,United States,California
493399766,5,2023,5,United States,Paris
493408292,2,2023,6,United States,California
493413568,5,2023,6,United States,California
493448221,3,2023,5,United Kingdom,HongKong
493451913,4,2023,6,Ireland,California
493455735,5,2023,3,India,Paris
493499894,4,2023,6,South Korea,HongKong
493510607,4,2023,6,United States,California
493540053,5,2023,5,United Kingdom,Paris
493602396,5,2023,3,Australia,Paris
493636184,4,2023,5,United States,California
493704376,4,2023,5,India,Paris
493724617,5,2023,6,United States,California
493746981,5,2023,6,New Zealand,California
493763234,4,2023,5,India,HongKong
493789549,5,2023,6,United States,California
493792035,5,2023,6,United Kingdom,Paris
493811146,5,2023,6,United Kingdom,Paris
493848009,4,2023,6,United Kingdom,Paris
493854107,5,2023,6,United States,California
493860703,4,2023,6,United States,California
493878486,5,2023,2,China,HongKong
493883152,5,2023,6,New Zealand,California
493892532,5,2023,5,India,HongKong
493896941,5,2023,5,United Kingdom,Paris
493908534,4,2023,6,United States,HongKong
493944740,5,2023,5,United Kingdom,Paris
493960283,5,2023,5,Australia,California
493989590,5,2023,6,United States,California
494002627,4,2023,6,Australia,Paris
494012174,5,2023,6,United States,California
494125581,5,2023,6,Australia,California
494129841,5,2023,6,Australia,California
494133556,5,2023,6,United States,California
494140952,5,2023,6,India,HongKong
494159762,5,2023,6,United Kingdom,Paris
494216213,4,2023,6,United Kingdom,Paris
494235525,3,2023,6,Australia,HongKong
494246406,3,2023,6,Mexico,California
494259915,3,2023,6,United States,California
494262288,4,2023,6,Singapore,HongKong
494279895,4,2023,6,Indonesia,HongKong
494345181,5,2023,6,United States,California
494365077,4,2023,6,United Kingdom,Paris
494385720,1,2023,6,United States,California
494386002,1,2023,6,United States,California
494409689,5,2023,6,United States,HongKong
494416650,2,2023,5,United States,Paris
494427361,5,2023,6,United States,California
494433557,4,2023,5,United States,California
494456836,4,2023,5,Australia,California
494465266,5,2023,5,South Africa,HongKong
494504788,5,2023,6,United Kingdom,Paris
494553541,5,2023,5,United States,California
494581280,5,2023,5,United Kingdom,Paris
494624247,1,2023,6,Canada,Paris
494659891,5,2023,6,United States,California
494691432,5,2023,6,United States,California
494712075,5,2023,6,India,HongKong
494721278,3,2023,6,Australia,California
494724455,4,2023,6,Singapore,HongKong
494761123,5,2023,6,South Korea,HongKong
494781261,4,2023,6,Hong Kong,HongKong
494784192,5,2023,6,United Kingdom,Paris
494820224,4,2023,6,United Kingdom,Paris
494844864,4,2023,6,United Kingdom,California
494873082,5,2023,6,United States,California
494875180,5,2023,6,United States,California
494884565,1,2023,6,Romania,Paris
494886971,4,2023,6,India,Paris
494888511,1,2023,6,United States,Paris
494893062,1,2023,6,United States,California
494981256,3,2023,6,United States,California
494981507,5,2023,6,United States,California
494987765,5,2023,6,United States,California
494988818,5,2023,5,United States,California
494997405,5,2023,6,Australia,HongKong
495001038,3,2023,6,Singapore,HongKong
495009669,3,2023,6,France,HongKong
495014269,5,2023,5,India,HongKong
495019578,1,2023,6,United States,California
495019948,5,2023,6,United States,California
495064412,5,2023,6,India,HongKong
495073860,5,2023,6,United States,HongKong
495073982,5,2023,5,United Kingdom,Paris
495101345,5,2023,5,India,HongKong
495126912,4,2023,6,Germany,California
495151155,5,2023,6,Canada,California
495166761,4,2023,6,United States,California
495176440,4,2023,6,United Kingdom,Paris
495189748,5,2023,6,United States,California
495213855,3,2023,6,Switzerland,California
495239584,1,2023,6,Spain,California
495241311,5,2023,6,Australia,HongKong
495256672,5,2023,6,United States,California
495264318,3,2023,6,Canada,HongKong
495277162,5,2023,6,United Kingdom,HongKong
495289376,4,2023,6,United States,California
495304427,5,2023,6,Australia,HongKong
495378115,5,2023,5,United States,California
495385927,5,2023,6,United States,California
495391466,5,2023,6,United Kingdom,Paris
495428224,5,2023,6,United States,California
495440392,2,2023,6,Portugal,Paris
495471371,4,2023,6,United States,California
495498946,5,2023,6,Hong Kong,HongKong
495499026,5,2023,6,United States,California
495501044,3,2023,6,United States,California
495534319,4,2023,5,India,Paris
495558916,4,2023,6,United States,HongKong
495600736,4,2023,6,Belgium,Paris
495605092,5,2023,6,Philippines,HongKong
495640181,5,2023,6,Australia,California
495649823,3,2023,6,India,California
495660803,5,2023,6,United States,California
495669191,5,2023,6,United Kingdom,Paris
495694358,5,2023,6,United States,California
495703123,5,2023,5,New Zealand,California
495708094,4,2023,6,United States,California
495710667,5,2023,6,Canada,California
495718287,4,2023,5,United Kingdom,Paris
495757399,5,2023,6,United States,California
495760967,5,2023,6,New Zealand,California
495775361,5,2023,3,United States,California
495775497,5,2023,6,Australia,HongKong
495797809,3,2023,2,Mexico,HongKong
495815440,5,2023,6,Singapore,HongKong
495825585,5,2023,6,United States,California
495837182,3,2023,6,Hong Kong,HongKong
495853851,5,2023,1,United States,California
495870100,5,2023,4,United Kingdom,California
495905025,3,2023,6,United Kingdom,Paris
495935360,5,2023,6,United Kingdom,Paris
495977142,5,2023,6,United Kingdom,Paris
495992630,5,2023,5,India,Paris
495995965,5,2023,6,United States,California
495996992,5,2023,6,Philippines,HongKong
496018208,4,2023,6,United States,California
496024866,4,2023,6,Tanzania,California
496039194,5,2023,6,United Kingdom,California
496043949,3,2023,6,Australia,California
496058962,5,2023,6,United Arab Emirates,HongKong
496063747,5,2023,1,United Arab Emirates,HongKong
496085751,5,2023,6,Australia,Paris
496092398,5,2023,6,United Kingdom,Paris
496099063,5,2023,5,United Kingdom,Paris
496106653,2,2023,6,United States,HongKong
496120321,4,2023,6,Australia,Paris
496166865,3,2023,6,Philippines,HongKong
496178295,4,2023,6,Canada,California
496214937,5,2023,6,United States,California
496227521,2,2023,6,Australia,Paris
496238279,5,2023,6,United Kingdom,Paris
496250187,5,2023,6,United States,California
496291273,5,2023,6,United States,California
496313461,5,2023,6,United States,California
496325896,5,2023,6,Sweden,Paris
496337386,5,2023,6,United States,Paris
496339086,4,2023,6,Thailand,HongKong
496339452,2,2023,6,Uruguay,Paris
496345283,2,2023,6,Thailand,Paris
496365158,5,2023,6,Singapore,HongKong
496393615,4,2023,6,United States,California
496395989,2,2023,5,Spain,HongKong
496407701,4,2023,4,Thailand,HongKong
496425801,5,2023,6,Australia,California
496443648,3,2023,6,Singapore,HongKong
496500516,4,2023,6,United States,California
496542255,5,2023,6,United States,Paris
496547723,5,2023,6,United States,California
496615236,3,2023,6,United States,Paris
496646387,5,2023,6,United States,California
496647127,5,2023,6,United States,California
496653801,3,2023,6,United Kingdom,Paris
496668091,5,2023,6,United States,California
496676757,4,2023,6,United States,California
496699908,4,2023,5,Malaysia,HongKong
496707236,5,2023,6,United States,Paris
496744251,5,2023,6,Singapore,HongKong
496798307,1,2023,6,United States,HongKong
496814052,3,2023,6,United Kingdom,Paris
496902640,3,2023,6,United States,Paris
496997017,4,2023,6,United States,California
497022076,5,2023,6,India,HongKong
497042786,3,2023,6,Indonesia,HongKong
497050222,3,2023,6,United States,California
497116281,4,2023,6,United Kingdom,Paris
497226640,5,2023,6,France,Paris
497229854,5,2023,6,India,HongKong
497277907,3,2023,6,Poland,Paris
497298258,5,2023,6,Australia,HongKong
497306713,3,2023,4,United States,Paris
497315135,5,2023,6,India,HongKong
497341944,4,2023,6,United States,HongKong
497345177,5,2023,6,Netherlands,HongKong
497362611,4,2023,6,Australia,HongKong
497369077,3,2023,6,Hong Kong,HongKong
497381667,5,2023,5,Hong Kong,HongKong
497410739,5,2023,6,United States,HongKong
497414013,5,2023,4,Philippines,California
497448268,3,2023,6,Australia,HongKong
497465707,4,2023,6,United States,California
497469223,5,2023,6,United States,California
497520587,4,2023,6,French Polynesia,California
497520618,3,2023,6,United States,California
497553946,4,2023,6,United States,HongKong
497571586,5,2023,7,India,California
497587383,5,2023,4,United Kingdom,California
497594854,5,2023,6,India,HongKong
497603411,5,2023,6,Turkey,Paris
497630631,5,2023,6,United Kingdom,Paris
497635089,4,2023,6,India,HongKong
497654897,5,2023,6,Iran,Paris
497657550,5,2023,6,Australia,California
497670845,5,2023,6,United Kingdom,Paris
497690438,3,2023,6,United Kingdom,Paris
497701541,3,2023,6,United Kingdom,California
497721738,5,2023,6,United States,California
497723797,5,2023,6,United Kingdom,California
497745158,2,2023,7,United Kingdom,Paris
497748481,1,2023,6,United States,Paris
497754650,3,2023,6,United Kingdom,HongKong
497796627,5,2023,7,United States,California
497821343,5,2023,6,United States,California
497862859,4,2023,6,Oman,Paris
497928194,4,2023,7,Australia,Paris
497933062,5,2023,5,Australia,Paris
497942799,3,2023,5,Indonesia,Paris
497986741,5,2023,7,United States,California
498005321,3,2023,6,Switzerland,Paris
498058708,4,2023,6,United States,Paris
498074272,3,2023,6,United States,Paris
498074524,5,2023,5,United States,California
498084268,5,2023,5,Australia,California
498087294,5,2023,7,India,HongKong
498090423,5,2023,7,United States,California
498094026,5,2023,3,United States,California
498127949,3,2023,7,Germany,Paris
498156393,4,2023,6,Philippines,HongKong
498170800,5,2023,6,New Zealand,California
498304255,3,2023,6,United States,Paris
498352884,5,2023,7,United States,California
498367751,5,2023,6,Australia,California
498394932,4,2023,6,France,California
498404153,2,2023,7,Australia,HongKong
498415499,5,2023,7,United States,California
498494180,5,2023,7,United Kingdom,Paris
498552809,5,2023,5,Russia,HongKong
498561472,4,2023,3,India,HongKong
498611769,5,2023,7,United States,California
498672613,4,2023,6,Saudi Arabia,Paris
498688108,5,2023,7,Australia,California
498693311,5,2023,3,New Zealand,HongKong
498696443,4,2023,6,Australia,HongKong
498707216,5,2023,7,United States,California
498710038,5,2023,6,Australia,California
498712250,5,2023,7,New Zealand,California
498730139,5,2023,7,Australia,HongKong
498734102,3,2023,7,United States,California
498774144,4,2023,7,United Kingdom,Paris
498785016,3,2023,5,United Arab Emirates,Paris
498796170,5,2023,6,India,HongKong
498844348,5,2023,5,India,California
498896725,1,2023,7,United Kingdom,Paris
498926424,5,2023,6,United States,Paris
498987560,5,2023,6,Philippines,HongKong
499008162,3,2023,6,United States,California
499009304,4,2023,6,Singapore,HongKong
499017677,5,2023,6,India,HongKong
499047364,5,2023,7,United States,California
499048874,5,2023,7,United Kingdom,Paris
499106858,4,2023,7,Indonesia,HongKong
499123539,5,2023,6,United States,California
499182937,5,2023,7,United States,California
499195608,3,2023,6,Canada,Paris
499254545,4,2023,7,United Kingdom,Paris
499258978,5,2023,7,United States,California
499263493,5,2023,6,Australia,California
499264169,4,2023,7,United States,California
499273732,3,2023,7,United States,California
499289281,3,2023,7,Australia,California
499293888,1,2023,6,United States,California
499321372,4,2023,6,Malaysia,HongKong
499326476,5,2023,5,India,HongKong
499327056,4,2023,7,Nepal,Paris
499398274,1,2023,7,Indonesia,California
499416496,3,2023,7,United Kingdom,Paris
499426287,3,2023,7,United States,California
499441422,5,2023,6,United Kingdom,Paris
499480065,5,2023,7,United States,California
499485701,5,2023,7,Bulgaria,Paris
499496995,5,2023,7,United States,California
499501842,3,2023,7,France,Paris
499506189,5,2023,6,Egypt,Paris
499521453,5,2023,6,United States,HongKong
499525691,2,2023,7,Canada,Paris
499539032,5,2023,6,United States,California
499569596,4,2023,7,United States,California
499587206,5,2023,7,United Kingdom,Paris
499592705,4,2023,5,United States,California
499592750,2,2023,6,Australia,Paris
499608091,4,2023,6,Indonesia,HongKong
499637729,5,2023,6,China,California
499673253,5,2023,5,Australia,HongKong
499675770,2,2023,7,Australia,California
499692295,4,2023,7,Canada,California
499709987,5,2023,7,Grenada,Paris
499713826,3,2023,6,Canada,California
499754446,4,2023,6,United Kingdom,Paris
499778123,5,2023,7,United States,California
499778881,5,2023,7,United States,California
499787754,5,2023,6,Australia,HongKong
499791948,5,2023,6,United States,California
499802724,5,2023,6,United States,California
499805382,5,2023,7,United States,California
499807176,4,2023,7,India,HongKong
499821580,4,2023,7,Australia,Paris
499832832,5,2023,4,United Kingdom,HongKong
499847714,5,2023,5,Australia,California
499865217,2,2023,6,United Kingdom,Paris
499866483,4,2023,7,Hong Kong,HongKong
499895198,5,2023,6,United Kingdom,Paris
499901740,5,2023,7,United States,HongKong
499922252,5,2023,6,India,Paris
499954408,5,2023,7,United Kingdom,Paris
499958790,4,2023,1,United Kingdom,Paris
499968336,5,2023,7,United States,California
499972521,3,2023,6,India,Paris
500015146,4,2023,6,United States,California
500061090,5,2023,7,United States,California
500088490,5,2023,2,Indonesia,HongKong
500089568,5,2023,7,United States,California
500098363,5,2023,7,United States,California
500104054,4,2023,7,United States,Paris
500117631,4,2023,5,Indonesia,HongKong
500118208,4,2023,7,United States,Paris
500243324,5,2023,7,Indonesia,HongKong
500270880,5,2023,7,United States,California
500295060,4,2023,7,Singapore,HongKong
500313613,5,2023,7,United States,California
500330933,3,2023,6,United States,California
500337233,3,2023,6,United States,Paris
500349902,4,2023,4,United States,HongKong
500354950,1,2023,7,United Kingdom,Paris
500384953,5,2023,4,United States,California
500390347,5,2023,7,United States,California
500396242,2,2023,7,United Kingdom,Paris
500428756,5,2023,6,United States,California
500452515,5,2023,1,United States,California
500470798,2,2023,6,United States,California
500472562,5,2023,6,United States,HongKong
500473275,5,2023,6,United States,California
500476979,5,2023,6,United States,California
500489188,5,2023,7,United States,California
500507614,5,2023,5,United States,California
500524617,5,2023,3,Canada,HongKong
500537978,2,2023,7,United States,California
500548624,5,2023,7,United Arab Emirates,HongKong
500553428,5,2023,7,Indonesia,HongKong
500562511,5,2023,7,Australia,HongKong
500568123,5,2023,5,India,HongKong
500611424,5,2023,6,Saudi Arabia,Paris
500634946,5,2023,6,Australia,HongKong
500635513,5,2023,7,Hong Kong,HongKong
500636800,4,2023,6,Australia,California
500669744,3,2023,6,Germany,Paris
500712083,5,2023,7,United Kingdom,HongKong
500746316,1,2023,7,United Kingdom,HongKong
500773024,5,2023,7,United Kingdom,HongKong
500813903,5,2023,7,New Zealand,California
500834179,5,2023,6,United States,California
500851810,5,2023,7,United Kingdom,Paris
500862878,2,2023,7,United Kingdom,Paris
500866437,4,2023,6,United States,HongKong
500869401,4,2023,6,United States,California
500893657,5,2023,5,United Kingdom,Paris
500910961,5,2023,7,United Kingdom,Paris
500960346,5,2023,6,United States,HongKong
501015231,3,2023,7,United Kingdom,Paris
501022339,1,2023,7,Australia,California
501034315,5,2023,7,United States,California
501047361,5,2023,7,China,Paris
501048023,4,2023,7,Australia,HongKong
501056516,5,2023,7,Canada,California
501082055,5,2023,6,New Zealand,California
501088391,5,2023,6,United Arab Emirates,HongKong
501088906,5,2023,7,Australia,California
501093208,5,2023,6,India,HongKong
501109357,5,2023,2,China,HongKong
501114878,1,2023,7,Netherlands,Paris
501121316,4,2023,7,United States,California
501159833,5,2023,6,India,HongKong
501162724,5,2023,6,United Kingdom,California
501184596,4,2023,7,United States,California
501205916,5,2023,7,United Kingdom,Paris
501214899,3,2023,7,Indonesia,HongKong
501258807,5,2023,4,United States,California
501268620,5,2023,7,United States,California
501277185,3,2023,7,Hong Kong,HongKong
501283031,5,2023,7,Guatemala,California
501289187,5,2023,6,United Arab Emirates,HongKong
501306487,1,2023,6,Belgium,Paris
501363328,1,2023,7,United States,Paris
501390136,5,2023,4,United States,California
501461433,5,2023,7,Philippines,HongKong
501461787,4,2023,7,Thailand,HongKong
501469893,5,2023,2,Australia,HongKong
501481013,4,2023,7,Singapore,HongKong
501508342,5,2023,7,United Kingdom,Paris
501509884,5,2023,6,Australia,California
501522368,4,2023,7,United Kingdom,Paris
501606522,4,2023,6,United States,HongKong
501664773,4,2023,7,United States,Paris
501685288,2,2023,7,United States,California
501700477,5,2023,7,Australia,Paris
501710392,5,2023,7,United Kingdom,Paris
501711841,5,2023,7,United States,California
501758646,3,2023,7,United States,California
501787405,5,2023,7,Australia,HongKong
501803737,4,2023,7,Hong Kong,HongKong
501815142,4,2023,6,Australia,HongKong
501950493,1,2023,7,United Kingdom,Paris
501988559,5,2023,6,United States,California
501990738,2,2023,6,United States,California
502020584,2,2023,7,United States,California
502051757,4,2023,7,United States,California
502053166,5,2023,7,United States,California
502058437,4,2023,5,United States,California
502064694,5,2023,7,United Kingdom,Paris
502066934,5,2023,7,Australia,California
502109164,4,2023,5,Spain,HongKong
502169811,4,2023,7,United Kingdom,Paris
502183693,4,2023,7,Australia,HongKong
502202818,4,2023,6,Australia,HongKong
502294158,4,2023,6,United States,California
502307532,4,2023,7,United States,California
502308324,5,2023,6,United Kingdom,Paris
502311244,5,2023,7,United States,California
502316011,5,2023,7,Rwanda,California
502316578,3,2023,7,United Kingdom,Paris
502328305,4,2023,6,United States,California
502336910,5,2023,7,Australia,California
502351744,5,2023,2,United Kingdom,California
502352883,5,2023,7,United States,California
502411172,3,2023,5,India,California
502414489,5,2023,7,India,Paris
502445642,4,2023,7,Canada,HongKong
502499878,5,2023,7,United Kingdom,California
502556872,5,2023,7,United Kingdom,Paris
502595471,5,2023,7,United Kingdom,Paris
502625827,5,2023,5,United Kingdom,Paris
502633439,4,2023,6,United States,Paris
502638849,5,2023,7,United States,California
502662808,4,2023,7,United States,California
502669864,5,2023,7,United States,California
502753621,5,2023,7,United Kingdom,Paris
502804718,4,2023,7,United Kingdom,Paris
502848458,5,2023,7,United States,California
502888086,5,2023,7,United Kingdom,Paris
502902951,3,2023,7,United States,Paris
502911140,4,2023,7,United Kingdom,Paris
502925639,5,2023,7,Canada,California
502948318,5,2023,7,United States,California
502953618,5,2023,7,Canada,Paris
502979576,5,2023,7,United Kingdom,Paris
502998159,3,2023,7,United States,California
503033673,3,2023,7,Canada,California
503037533,3,2023,7,Canada,California
503049135,5,2023,7,United Kingdom,Paris
503075272,5,2023,5,India,HongKong
503124976,4,2023,7,United Kingdom,Paris
503143508,1,2023,7,United Kingdom,Paris
503175150,4,2023,7,Finland,HongKong
503203462,4,2023,7,United Kingdom,Paris
503235271,3,2023,7,Philippines,HongKong
503280508,4,2023,5,United States,California
503296610,1,2023,6,United Kingdom,Paris
503323407,3,2023,7,United States,California
503353597,5,2023,7,Canada,California
503396501,2,2023,7,Finland,Paris
503434646,4,2023,7,Denmark,Paris
503473599,5,2023,6,India,HongKong
503477134,4,2023,7,Ireland,Paris
503489001,4,2023,7,United States,Paris
503492160,5,2023,7,United States,California
503503315,5,2023,6,India,HongKong
503503387,4,2023,7,United States,California
503512922,5,2023,6,United States,California
503538782,1,2023,7,United Kingdom,HongKong
503554672,5,2023,7,Australia,Paris
503565460,3,2023,7,Thailand,Paris
503573254,4,2023,7,United Kingdom,Paris
503574192,5,2023,7,United States,California
503575375,5,2023,5,South Africa,HongKong
503580573,5,2023,7,United States,California
503589871,4,2023,5,United States,Paris
503635085,3,2023,7,United States,California
503635709,4,2023,7,United Kingdom,Paris
503650522,5,2023,7,United States,California
503684825,3,2023,7,Canada,California
503691497,5,2023,7,Australia,HongKong
503706868,5,2023,7,United States,California
503720622,5,2023,7,Australia,California
503823675,5,2023,7,Vietnam,HongKong
503859808,5,2023,7,United States,California
503862926,4,2023,6,United States,Paris
503865965,5,2023,6,United States,California
503867654,5,2023,7,United Kingdom,Paris
503869280,5,2023,7,United Kingdom,HongKong
503873532,5,2023,7,Spain,Paris
503933901,5,2023,7,Philippines,HongKong
503949742,3,2023,6,Brazil,California
503964199,5,2023,7,United States,HongKong
503980246,4,2023,7,United States,California
503981930,4,2023,7,United States,California
504012024,4,2023,7,France,California
504038161,5,2023,7,United States,Paris
504086920,1,2023,7,United States,Paris
504091022,5,2023,7,Bahrain,HongKong
504099196,5,2023,7,India,Paris
504104014,3,2023,7,Israel,Paris
504140206,5,2023,7,United Kingdom,California
504152758,5,2023,7,United States,California
504172360,5,2023,7,United Kingdom,Paris
504173071,2,2023,7,Saudi Arabia,Paris
504216345,5,2023,6,United States,California
504229766,5,2023,7,United States,California
504229854,3,2023,7,United States,Paris
504231242,4,2023,3,United States,Paris
504232940,5,2023,7,United States,California
504239737,5,2023,7,United States,California
504282317,5,2023,7,United States,California
504291706,4,2023,7,United Kingdom,Paris
504313233,2,2023,7,United Kingdom,Paris
504323003,5,2023,7,Canada,California
504343629,3,2023,7,Australia,HongKong
504346440,5,2023,6,United States,California
504508809,5,2023,7,United States,California
504622590,4,2023,7,United States,California
504625268,2,2023,7,Canada,California
504629034,4,2023,7,United States,California
504629826,4,2023,7,Singapore,HongKong
504633336,5,2023,7,Australia,California
504678473,3,2023,6,Romania,Paris
504745592,4,2023,4,Indonesia,HongKong
504792033,5,2023,6,Saudi Arabia,California
504851712,4,2023,7,United Kingdom,Paris
504863313,5,2023,2,United Kingdom,Paris
504870975,5,2023,7,Kuwait,California
504890867,5,2023,7,United States,California
504926435,5,2023,7,Ireland,Paris
504949419,2,2023,7,United States,California
504974964,5,2023,7,Australia,Paris
504975749,4,2023,7,United States,California
505008892,4,2023,5,United Arab Emirates,HongKong
505149108,5,2023,7,United States,California
505179425,5,2023,7,United States,California
505204308,3,2023,7,Egypt,Paris
505275437,3,2023,7,United States,California
505279192,4,2023,7,Australia,HongKong
505298519,4,2023,7,New Zealand,California
505302342,5,2023,7,United States,California
505352119,5,2023,7,United States,HongKong
505362959,4,2023,7,Ireland,Paris
505378052,4,2023,7,Malaysia,HongKong
505389374,3,2023,7,Ireland,Paris
505391782,5,2023,7,United States,California
505450015,2,2023,7,United Kingdom,California
505457836,4,2023,7,Philippines,HongKong
505471078,5,2023,7,Canada,California
505483126,4,2023,7,United States,California
505499572,4,2023,7,United States,Paris
505554816,4,2023,7,United Kingdom,Paris
505581180,4,2023,4,United Kingdom,Paris
505584325,1,2023,7,Malta,Paris
505608973,5,2023,7,United Kingdom,Paris
505648412,5,2023,7,Philippines,HongKong
505649977,5,2023,6,Indonesia,HongKong
505665320,5,2023,7,United States,California
505666930,5,2023,7,Australia,California
505710776,5,2023,5,India,HongKong
505731490,5,2023,7,South Africa,Paris
505861965,5,2023,7,United States,California
505897472,5,2023,7,United Kingdom,Paris
505911414,5,2023,7,United States,California
505963931,5,2023,7,Canada,Paris
505986025,5,2023,7,United States,California
505993733,5,2023,7,United States,California
505994332,4,2023,7,United States,California
506004565,3,2023,7,United States,California
506010679,5,2023,7,United States,California
506034378,5,2023,7,New Zealand,California
506056949,5,2023,7,Philippines,HongKong
506062313,2,2023,7,United Kingdom,Paris
506180528,5,2023,7,Maldives,HongKong
506188424,4,2023,1,South Korea,HongKong
506274087,2,2023,6,France,Paris
506276117,5,2023,7,United States,California
506316061,3,2023,7,Mexico,California
506318873,5,2023,7,Egypt,Paris
506329203,3,2023,5,United States,HongKong
506335401,5,2023,7,Canada,California
506337938,5,2023,5,Philippines,HongKong
506365818,4,2023,7,Thailand,HongKong
506410492,3,2023,7,United Kingdom,Paris
506613377,4,2023,7,United States,California
506616787,4,2023,7,United States,California
506629361,5,2023,7,United States,California
506632455,5,2023,7,United States,California
506648787,5,2023,7,United Kingdom,California
506761963,5,2023,7,United States,California
506815025,5,2023,7,Canada,Paris
506830219,5,2023,7,Israel,California
506834182,5,2023,7,United States,California
506848055,3,2023,7,United Kingdom,Paris
506870524,5,2023,7,United States,California
506905162,5,2023,7,United States,California
506944982,5,2023,7,Sri Lanka,Paris
506958560,5,2023,7,China,HongKong
506988366,5,2023,7,New Zealand,California
507043265,3,2023,7,United Kingdom,Paris
507097481,4,2023,3,United States,California
507148699,5,2023,6,Australia,California
507153810,4,2023,2,United States,California
507208225,1,2023,5,Denmark,Paris
507227061,3,2023,7,United Kingdom,Paris
507240462,4,2023,7,United States,California
507249291,3,2023,7,United States,California
507251039,5,2023,5,United States,HongKong
507255548,4,2023,7,Canada,California
507257466,2,2023,7,United States,California
507274741,4,2023,7,United States,Paris
507312103,5,2023,7,United States,California
507325779,5,2023,7,United Kingdom,Paris
507423192,3,2023,7,United Kingdom,Paris
507428114,5,2023,7,Australia,California
507454812,4,2023,1,Thailand,HongKong
507469992,3,2023,7,United Kingdom,Paris
507502893,4,2023,2,India,Paris
507548094,5,2023,7,United States,California
507567683,4,2023,7,United Kingdom,Paris
507571273,5,2023,7,United States,California
507581915,5,2023,7,United States,California
507596678,3,2023,7,Vietnam,HongKong
507623735,5,2023,8,United States,California
507655460,5,2023,7,United States,California
507659094,5,2023,2,United Kingdom,Paris
507687868,4,2023,8,Netherlands,Paris
507691864,4,2023,8,Italy,California
507746909,5,2023,7,Canada,California
507832398,4,2023,7,United Kingdom,Paris
507874202,5,2023,7,United Kingdom,Paris
507904519,5,2023,8,United States,California
507925832,5,2023,1,Australia,California
507945786,5,2023,7,Philippines,HongKong
507962744,5,2023,4,United States,California
508101644,3,2023,8,New Zealand,HongKong
508119132,5,2023,7,Belgium,Paris
508120061,4,2023,8,Denmark,HongKong
508122847,5,2023,7,United Kingdom,Paris
508131324,5,2023,7,United States,California
508138541,5,2023,8,United States,California
508144298,5,2023,8,United States,California
508152021,5,2023,7,Aruba,California
508161263,5,2023,7,United Kingdom,Paris
508186956,5,2023,7,United States,California
508223170,3,2023,7,Netherlands,HongKong
508243695,5,2023,8,United States,California
508277314,4,2023,7,Netherlands,HongKong
508290630,5,2023,8,Australia,California
508291021,5,2023,7,Saudi Arabia,Paris
508326068,3,2023,8,United Kingdom,Paris
508392418,4,2023,8,Australia,HongKong
508419479,3,2023,7,Puerto Rico,Paris
508450282,5,2023,8,Australia,California
508463324,4,2023,8,Australia,HongKong
508497673,5,2023,8,Belgium,Paris
508533788,4,2023,8,United Kingdom,Paris
508556450,4,2023,8,United Kingdom,Paris
508604357,5,2023,8,United Kingdom,Paris
508628559,5,2023,6,United Kingdom,Paris
508657112,2,2023,8,Canada,Paris
508692729,5,2023,8,Switzerland,Paris
508712937,3,2023,8,United States,California
508732694,5,2023,7,Italy,Paris
508758030,4,2023,8,United States,California
508820879,5,2023,7,United Kingdom,Paris
508867698,5,2023,7,Canada,California
508885936,2,2023,8,United Kingdom,California
508887235,5,2023,7,United States,California
508890171,4,2023,6,United States,Paris
508893761,5,2023,8,United Kingdom,Paris
508946393,4,2023,8,New Zealand,HongKong
508958545,3,2023,7,United Kingdom,Paris
508993107,5,2023,7,Indonesia,HongKong
509019572,1,2023,8,United Kingdom,California
509034977,2,2023,8,United Kingdom,Paris
509036381,5,2023,8,Japan,Paris
509054452,5,2023,8,United Kingdom,Paris
509077350,4,2023,6,Thailand,HongKong
509079870,5,2023,8,United States,California
509080878,3,2023,7,Malaysia,HongKong
509112280,5,2023,8,Netherlands,California
509157718,3,2023,7,United Kingdom,HongKong
509159882,4,2023,7,United States,California
509162100,4,2023,6,United States,HongKong
509184554,5,2023,8,United States,California
509296468,4,2023,7,United States,HongKong
509311182,4,2023,8,United Kingdom,Paris
509312529,5,2023,3,United Kingdom,Paris
509336339,5,2023,8,United Kingdom,Paris
509342730,4,2023,6,United States,California
509364004,2,2023,8,United Kingdom,Paris
509397022,4,2023,8,United Kingdom,Paris
509397625,5,2023,7,United States,California
509428838,3,2023,8,United States,California
509445610,5,2023,7,United States,California
509449203,5,2023,8,United Kingdom,Paris
509450909,5,2023,7,United Kingdom,California
509488266,3,2023,7,United Kingdom,California
509514057,5,2023,7,United States,California
509519813,5,2023,7,United States,California
509538714,5,2023,8,United Kingdom,HongKong
509570313,5,2023,6,Australia,HongKong
509612295,4,2023,7,United Kingdom,California
509646247,5,2023,6,United States,California
509649737,5,2023,8,New Zealand,California
509691009,2,2023,8,United States,Paris
509752613,5,2023,8,United Kingdom,Paris
509798128,4,2023,8,United States,California
509805357,5,2023,8,United Kingdom,Paris
509826723,4,2023,7,United Kingdom,HongKong
509863604,1,2023,8,United States,HongKong
509864743,5,2023,8,United States,HongKong
509874153,3,2023,7,United States,Paris
509889755,5,2023,5,United States,California
509898357,5,2023,8,Canada,California
510085826,2,2023,8,United States,California
510107975,4,2023,7,United States,California
510115044,3,2023,7,United States,California
510137441,4,2023,8,United Kingdom,Paris
510138666,5,2023,8,United States,California
510252803,3,2023,7,United Kingdom,HongKong
510272205,5,2023,8,United States,California
510307088,5,2023,7,United States,Paris
510308496,4,2023,6,Philippines,HongKong
510311314,4,2023,8,United Kingdom,Paris
510321784,4,2023,7,United States,California
510322506,5,2023,8,United States,California
510337783,4,2023,8,United States,California
510366696,5,2023,7,United States,California
510374282,5,2023,8,Serbia,Paris
510473391,1,2023,8,Australia,HongKong
510479530,1,2023,8,United Kingdom,Paris
510492845,5,2023,8,United Kingdom,Paris
510512232,5,2023,6,United Kingdom,California
510541500,4,2023,7,United Kingdom,California
510565479,5,2023,8,United States,California
510565672,4,2023,8,Saudi Arabia,Paris
510597059,3,2023,8,Lebanon,Paris
510664146,5,2023,6,United States,California
510699015,4,2023,8,Cambodia,HongKong
510717500,1,2023,8,United Kingdom,Paris
510722742,5,2023,8,United Kingdom,Paris
510731643,5,2023,8,United States,California
510737604,5,2023,7,Australia,California
510760051,5,2023,8,United Kingdom,Paris
510814608,4,2023,8,United States,California
510837104,3,2023,4,United Kingdom,HongKong
510862164,5,2023,8,Lebanon,Paris
510883443,5,2023,7,United Kingdom,California
510941352,5,2023,5,United Kingdom,Paris
511079595,5,2023,8,Denmark,California
511085799,3,2023,8,United States,California
511106939,5,2023,7,Czechia,Paris
511175047,4,2023,8,United Kingdom,California
511210445,4,2023,8,Greece,HongKong
511215276,5,2023,4,United States,California
511270245,5,2023,8,United Kingdom,Paris
511278731,4,2023,8,United States,California
511305604,4,2023,7,United States,California
511356155,5,2023,7,Italy,Paris
511441230,5,2023,8,United States,California
511441961,4,2023,8,United Kingdom,Paris
511447611,4,2023,7,United Kingdom,Paris
511503378,5,2023,8,United Kingdom,Paris
511526828,5,2023,8,United States,California
511528885,5,2023,7,Canada,California
511545416,5,2023,8,Canada,California
511601732,2,2023,8,New Zealand,HongKong
511636480,4,2023,7,India,Paris
511676308,1,2023,8,United Kingdom,Paris
511704207,5,2023,8,United States,HongKong
511736071,3,2023,8,United Kingdom,California
511771053,4,2023,8,United States,California
511782478,5,2023,8,United Kingdom,Paris
511852722,2,2023,8,United Kingdom,Paris
511856748,5,2023,8,United States,California
511869596,3,2023,8,United Kingdom,Paris
511886399,3,2023,7,United Kingdom,HongKong
511891681,5,2023,8,United Kingdom,Paris
511916907,5,2023,7,United States,California
511938017,5,2023,8,United Kingdom,California
512012294,5,2023,8,United States,California
512022827,5,2023,8,United States,California
512072548,3,2023,8,Italy,HongKong
512149207,5,2023,7,Malta,Paris
512155284,5,2023,7,Kuwait,HongKong
512182229,3,2023,8,United Kingdom,Paris
512191845,5,2023,7,United Kingdom,Paris
512202374,5,2023,7,United Kingdom,Paris
512208018,5,2023,8,Canada,California
512242269,5,2023,8,United Kingdom,Paris
512257613,4,2023,7,United States,Paris
512303070,4,2023,8,United Kingdom,Paris
512357937,5,2023,8,United States,California
512395501,4,2023,7,United States,HongKong
512496774,5,2023,8,United Kingdom,Paris
512543576,5,2023,8,Switzerland,HongKong
512562596,4,2023,8,Philippines,HongKong
512639863,5,2023,8,United States,Paris
512746955,4,2023,8,United States,California
512752261,5,2023,8,United Kingdom,Paris
512784573,5,2023,8,United States,California
512802507,5,2023,8,United Kingdom,Paris
512832458,5,2023,8,United Kingdom,Paris
512871458,4,2023,8,United Kingdom,California
512916257,5,2023,8,United Kingdom,Paris
512932657,5,2023,7,Philippines,HongKong
512972295,5,2023,8,United Kingdom,California
512988316,3,2023,1,Australia,California
513034564,4,2023,6,Israel,California
513097433,5,2023,7,United Kingdom,California
513123941,5,2023,8,United Kingdom,Paris
513132817,5,2023,8,United States,HongKong
513136448,5,2023,7,United Arab Emirates,HongKong
513161743,5,2023,8,United Kingdom,California
513215764,5,2023,6,Singapore,Paris
513220524,5,2023,8,United Kingdom,Paris
513232959,4,2023,8,United Kingdom,HongKong
513301647,5,2023,8,United Kingdom,Paris
513376301,5,2023,7,United Kingdom,Paris
513416693,4,2023,8,United Kingdom,Paris
513438412,5,2023,7,Australia,California
513484580,5,2023,8,United States,California
513555497,5,2023,8,Philippines,HongKong
513571698,3,2023,8,United Kingdom,Paris
513643068,5,2023,8,Ireland,Paris
513659119,1,2023,8,India,Paris
513692669,5,2023,8,United Kingdom,Paris
513808988,5,2023,8,United States,California
513821081,4,2023,8,United States,California
513897075,5,2023,8,United States,California
513907594,5,2023,1,United Kingdom,Paris
513910183,5,2023,8,United Kingdom,Paris
513927661,5,2023,7,United Kingdom,California
513949176,5,2023,8,Canada,California
513976199,4,2023,8,Hong Kong,HongKong
514010486,4,2023,8,United States,California
514018676,5,2023,8,United States,California
514020086,5,2023,8,United States,California
514036071,5,2023,6,United States,HongKong
514153101,3,2023,8,Netherlands,HongKong
514162944,4,2023,8,Ireland,Paris
514171017,4,2023,8,United States,HongKong
514231607,5,2023,8,United Kingdom,California
514291373,3,2023,7,Belgium,Paris
514302528,4,2023,8,United Kingdom,HongKong
514389264,4,2023,8,United Kingdom,Paris
514426425,5,2023,8,United States,California
514433520,4,2023,8,Jersey,Paris
514434130,5,2023,8,Lebanon,Paris
514533158,5,2023,8,United Kingdom,Paris
514537166,5,2023,7,United States,California
514560255,3,2023,8,Singapore,HongKong
514581588,4,2023,8,Australia,California
514593512,3,2023,8,United Kingdom,California
514620385,5,2023,8,Australia,HongKong
514653208,1,2023,8,Sweden,Paris
514691850,3,2023,8,United Kingdom,Paris
514831089,5,2023,5,Germany,Paris
514863189,5,2023,8,Spain,Paris
514883875,4,2023,8,Philippines,HongKong
514899208,4,2023,8,United Kingdom,Paris
514954347,5,2023,8,United Kingdom,Paris
514962322,4,2023,4,United Kingdom,Paris
515020652,5,2023,7,Australia,California
515034818,5,2023,8,United States,California
515127067,4,2023,7,Italy,Paris
515132014,5,2023,8,United Kingdom,Paris
515139112,1,2023,8,United Kingdom,Paris
515171802,5,2023,8,United Kingdom,Paris
515178326,5,2023,8,Indonesia,HongKong
515239238,3,2023,8,United Kingdom,Paris
515250258,3,2023,8,United Kingdom,Paris
515273302,5,2023,8,United Kingdom,California
515285699,4,2023,8,Kuwait,Paris
515340159,2,2023,7,United Kingdom,Paris
515352576,4,2023,8,United States,California
515358943,5,2023,8,United States,California
515359746,4,2023,8,United States,California
515366169,4,2023,8,United Kingdom,Paris
515370092,5,2023,8,United States,HongKong
515407120,5,2023,8,United Kingdom,Paris
515431546,5,2023,7,United Kingdom,Paris
515441785,5,2023,8,United Kingdom,Paris
515597087,4,2023,8,Oman,Paris
515620167,1,2023,8,United States,California
515636071,5,2023,6,United Kingdom,Paris
515638418,3,2023,8,Ireland,Paris
515656673,4,2023,8,United Kingdom,HongKong
515709591,5,2023,8,United States,California
515720745,4,2023,8,Canada,California
515722167,5,2023,3,Hong Kong,HongKong
515735356,5,2023,7,India,HongKong
515738680,3,2023,8,United States,Paris
515762095,5,2023,8,United Kingdom,Paris
515777971,5,2023,7,Indonesia,HongKong
515788351,5,2023,8,United Kingdom,Paris
515815502,5,2023,8,Ireland,Paris
515906458,3,2023,8,United States,California
515951606,4,2023,8,United Kingdom,Paris
515965527,4,2023,5,United Kingdom,Paris
515988094,5,2023,7,United States,California
515993641,4,2023,8,United States,California
516004987,5,2023,8,United Kingdom,Paris
516034163,5,2023,8,United Kingdom,Paris
516050157,1,2023,8,Ecuador,Paris
516097336,5,2023,8,United States,California
516106121,5,2023,8,United States,California
516106163,5,2023,7,Canada,Paris
516149673,4,2023,8,United Kingdom,Paris
516163015,4,2023,8,Philippines,HongKong
516195161,5,2023,8,Spain,Paris
516281346,5,2023,3,United Kingdom,Paris
516296243,4,2023,8,Thailand,California
516321176,5,2023,8,United States,Paris
516342817,5,2023,7,United Kingdom,Paris
516343650,3,2023,8,United Kingdom,California
516344719,4,2023,8,Ireland,Paris
516357190,2,2023,8,Australia,California
516368010,3,2023,3,United Kingdom,California
516368083,5,2023,8,Czechia,Paris
516413328,4,2023,8,United Kingdom,Paris
516421370,4,2023,7,United Kingdom,Paris
516463660,4,2023,7,Australia,HongKong
516482697,5,2023,7,United States,California
516490573,5,2023,7,United States,HongKong
516499345,5,2023,8,United Kingdom,California
516519704,5,2023,8,United Kingdom,California
516546368,5,2023,5,India,HongKong
516591384,5,2023,8,United Kingdom,Paris
516652623,3,2023,8,United States,California
516658253,5,2023,8,United Kingdom,Paris
516668209,3,2023,2,United States,HongKong
516679026,4,2023,8,United States,Paris
516681443,5,2023,8,United States,California
516691508,5,2023,6,Philippines,HongKong
516716518,5,2023,8,Belgium,Paris
516718552,4,2023,8,Thailand,HongKong
516861355,1,2023,8,Saudi Arabia,California
516891422,3,2023,8,Australia,Paris
516952572,3,2023,8,United Kingdom,Paris
516959711,1,2023,8,United Kingdom,Paris
516979553,3,2023,5,Australia,HongKong
517145688,1,2023,8,Turkey,Paris
517180923,4,2023,8,United Kingdom,Paris
517195334,4,2023,8,United States,California
517217583,5,2023,8,United States,California
517236340,5,2023,8,Canada,California
517242112,3,2023,8,United States,California
517256915,3,2023,7,United States,California
517266121,5,2023,8,United Kingdom,California
517280964,5,2023,8,Denmark,California
517293301,5,2023,8,United Kingdom,Paris
517293541,5,2023,7,Greece,California
517379789,2,2023,8,Canada,HongKong
517383887,5,2023,8,Ireland,Paris
517393443,4,2023,8,France,Paris
517409610,1,2023,8,United Kingdom,Paris
517458752,5,2023,8,United Kingdom,Paris
517483582,5,2023,8,Saudi Arabia,Paris
517497913,4,2023,5,Canada,California
517506370,5,2023,8,Israel,California
517519628,5,2023,8,Australia,California
517547401,5,2023,8,United States,California
517638515,5,2023,8,United Kingdom,Paris
517661724,1,2023,8,United Kingdom,Paris
517662702,1,2023,3,United Kingdom,Paris
517745933,2,2023,8,United States,California
517758077,5,2023,7,Canada,California
517768710,3,2023,8,United States,California
517772006,5,2023,8,United Kingdom,Paris
517819404,5,2023,8,United Kingdom,Paris
517838734,5,2023,8,United States,California
517840984,4,2023,8,India,Paris
517847541,5,2023,8,United States,California
517862892,1,2023,8,United States,California
517871046,5,2023,8,Vietnam,HongKong
517943633,4,2023,5,Australia,California
517983052,2,2023,8,Mexico,Paris
517983929,5,2023,8,United Kingdom,Paris
517998354,5,2023,8,United States,Paris
518059866,4,2023,8,United States,Paris
518067864,5,2023,8,United States,California
518068540,5,2023,8,United States,California
518119241,5,2023,8,Ireland,Paris
518119483,3,2023,8,United Kingdom,Paris
518120925,5,2023,8,Canada,California
518121029,2,2023,8,United Kingdom,Paris
518127960,5,2023,8,United Kingdom,Paris
518128237,5,2023,8,United Kingdom,Paris
518199792,4,2023,8,United States,California
518275750,5,2023,8,Switzerland,Paris
518307800,3,2023,8,India,HongKong
518316800,1,2023,8,United Kingdom,Paris
518363501,5,2023,7,South Africa,Paris
518400477,5,2023,8,United Kingdom,HongKong
518403615,3,2023,6,India,Paris
518512069,5,2023,8,United States,California
518525949,5,2023,8,United States,California
518532481,5,2023,8,United States,California
518543276,5,2023,2,United States,California
518544262,5,2023,2,United States,California
518552169,5,2023,8,United Kingdom,Paris
518561302,5,2023,8,United States,HongKong
518561930,4,2023,8,United States,California
518563935,4,2023,8,Canada,California
518572553,4,2023,8,United States,Paris
518596333,2,2023,8,United States,Paris
518604218,5,2023,7,Brazil,Paris
518606864,5,2023,8,Australia,HongKong
518609288,5,2023,8,Philippines,HongKong
518615027,5,2023,8,United Arab Emirates,Paris
518616339,4,2023,4,Australia,Paris
518675642,5,2023,8,United Kingdom,Paris
518724261,4,2023,8,United Kingdom,Paris
518752021,4,2023,8,United Kingdom,Paris
518756945,4,2023,6,United Kingdom,Paris
518809827,4,2023,8,Spain,California
518856338,5,2023,8,Kenya,HongKong
518871087,4,2023,8,United Kingdom,Paris
518878220,5,2023,8,United Kingdom,Paris
518891738,4,2023,7,United Kingdom,Paris
518956925,5,2023,7,Portugal,California
519043829,1,2023,8,United Kingdom,Paris
519071931,5,2023,8,Serbia,Paris
519093646,5,2023,8,Ireland,Paris
519093706,5,2023,8,United States,California
519135342,5,2023,8,United States,California
519204268,5,2023,3,Australia,HongKong
519216571,4,2023,8,Botswana,HongKong
519272658,5,2023,8,United Kingdom,Paris
519312135,5,2023,8,United Kingdom,Paris
519418520,4,2023,8,Philippines,HongKong
519435331,5,2023,8,United Arab Emirates,HongKong
519513027,3,2023,8,Ireland,California
519561753,1,2023,8,United Kingdom,Paris
519568934,5,2023,8,United Kingdom,California
519610445,4,2023,8,United Kingdom,Paris
519650039,4,2023,8,Saudi Arabia,Paris
519657590,3,2023,8,United Kingdom,Paris
519695132,5,2023,8,New Zealand,California
519699355,4,2023,8,New Zealand,HongKong
519704568,5,2023,8,United States,California
519705285,4,2023,6,India,HongKong
519708401,5,2023,6,United States,California
519714528,5,2023,8,Egypt,HongKong
519810093,5,2023,8,United Kingdom,Paris
519917860,4,2023,8,United Kingdom,Paris
519978270,5,2023,7,United Kingdom,Paris
519981405,5,2023,8,Canada,California
520045564,5,2023,8,United Kingdom,Paris
520051634,5,2023,8,United Kingdom,Paris
520072847,2,2023,8,United States,California
520098676,5,2023,9,Australia,California
520212716,5,2023,5,Philippines,HongKong
520275862,4,2023,8,United States,California
520278472,3,2023,9,Canada,Paris
520294111,5,2023,8,United Kingdom,Paris
520346305,5,2023,8,United States,California
520364951,4,2023,9,Philippines,HongKong
520372004,4,2023,9,United Arab Emirates,Paris
520372167,5,2023,8,Canada,California
520377590,5,2023,8,United Kingdom,Paris
520380831,5,2023,9,United Kingdom,Paris
520392258,4,2023,8,Italy,HongKong
520482160,5,2023,8,France,Paris
520488182,5,2023,9,United Kingdom,Paris
520520532,5,2023,9,Canada,California
520541440,4,2023,9,United Kingdom,Paris
520557056,5,2023,8,Thailand,HongKong
520575862,5,2023,8,United Kingdom,Paris
520579858,4,2023,9,Luxembourg,Paris
520604742,4,2023,8,United States,California
520628949,2,2023,9,United Kingdom,Paris
520629362,5,2023,8,Canada,California
520639933,3,2023,4,Hong Kong,HongKong
520641999,4,2023,9,Australia,HongKong
520661601,5,2023,8,United Kingdom,Paris
520705461,5,2023,8,United Kingdom,California
520717100,4,2023,8,United Kingdom,Paris
520754624,1,2023,8,United Kingdom,Paris
520760840,5,2023,8,Australia,California
520766560,3,2023,9,Singapore,HongKong
520775876,3,2023,9,United Kingdom,Paris
520795465,4,2023,8,United States,California
520827693,3,2023,8,United Kingdom,California
520829510,5,2023,8,United Kingdom,California
520868326,5,2023,8,United Kingdom,Paris
520903748,5,2023,9,United Kingdom,Paris
520915409,4,2023,8,United Kingdom,Paris
520944666,5,2023,9,United States,California
520945096,4,2023,9,United States,HongKong
520960248,3,2023,9,United Kingdom,Paris
520975061,1,2023,9,United Kingdom,Paris
520985458,5,2023,8,United Kingdom,California
521018056,5,2023,9,United Kingdom,Paris
521023898,3,2023,3,India,Paris
521044473,5,2023,9,United Kingdom,Paris
521093862,5,2023,1,Philippines,HongKong
521096792,5,2023,9,Singapore,HongKong
521112208,2,2023,9,India,HongKong
521115901,5,2023,8,United States,California
521154657,5,2023,8,United Kingdom,Paris
521189762,4,2023,8,Netherlands,HongKong
521210811,5,2023,8,France,Paris
521225624,4,2023,8,United Kingdom,Paris
521249611,5,2023,8,Canada,California
521258947,4,2023,8,United States,California
521267766,2,2023,9,United States,California
521309607,4,2023,9,United Kingdom,Paris
521309768,4,2023,9,United Kingdom,Paris
521314697,4,2023,9,Singapore,HongKong
521337180,1,2023,8,United Arab Emirates,Paris
521341126,3,2023,9,United Arab Emirates,HongKong
521369525,5,2023,8,United Kingdom,Paris
521399431,5,2023,8,United Kingdom,Paris
521439900,1,2023,9,United States,Paris
521507722,5,2023,9,United States,California
521507862,5,2023,9,United Kingdom,Paris
521517327,5,2023,4,United States,Paris
521561476,5,2023,6,Philippines,HongKong
521575554,5,2023,8,United States,California
521591046,4,2023,8,Macau,HongKong
521597685,5,2023,8,United States,California
521602993,3,2023,8,Australia,HongKong
521608432,4,2023,9,Qatar,Paris
521631408,4,2023,8,United States,HongKong
521645186,5,2023,8,Mauritius,Paris
521654926,5,2023,9,United Kingdom,Paris
521672415,4,2023,9,United Kingdom,Paris
521705651,4,2023,8,France,California
521748861,4,2023,8,United Kingdom,California
521774796,5,2023,9,United Kingdom,Paris
521780107,4,2023,7,France,Paris
521815911,2,2023,8,Suriname,Paris
521836915,5,2023,8,United Kingdom,Paris
521851708,5,2023,9,Ireland,Paris
521887114,4,2023,9,Kuwait,Paris
521913718,5,2023,9,United Kingdom,Paris
521914666,5,2023,8,United Kingdom,California
521915088,5,2023,9,United States,California
521978359,5,2023,2,United States,California
521996317,5,2023,8,United Kingdom,Paris
522039028,5,2023,8,United Kingdom,Paris
522042618,4,2023,8,United States,California
522069213,4,2023,8,United States,California
522082274,2,2023,4,United States,California
522112733,2,2023,9,New Zealand,California
522116523,5,2023,8,United States,California
522118414,4,2023,8,United States,California
522122333,5,2023,8,United States,California
522129235,5,2023,9,Sri Lanka,HongKong
522176308,5,2023,7,United States,Paris
522187377,4,2023,9,United Kingdom,Paris
522232028,4,2023,8,Singapore,HongKong
522291211,5,2023,9,Canada,California
522361864,5,2023,7,United States,Paris
522365825,4,2023,8,United Kingdom,Paris
522378555,5,2023,8,United States,California
522398959,5,2023,9,United States,Paris
522400299,4,2023,8,United Kingdom,Paris
522432654,3,2023,8,United States,California
522457308,5,2023,8,Canada,California
522490429,4,2023,8,United Arab Emirates,HongKong
522533365,4,2023,9,Australia,California
522568176,4,2023,8,United Kingdom,Paris
522573360,5,2023,6,United Kingdom,Paris
522591568,5,2023,8,Netherlands,Paris
522603905,5,2023,9,United Kingdom,California
522610414,5,2023,8,United States,California
522629196,5,2023,9,United Kingdom,Paris
522632985,5,2023,8,India,California
522634757,5,2023,7,New Zealand,HongKong
522661502,5,2023,9,Switzerland,Paris
522695328,5,2023,8,United Kingdom,Paris
522769994,5,2023,8,Switzerland,Paris
522789638,3,2023,4,United Kingdom,California
522808896,3,2023,9,Germany,Paris
522811237,5,2023,9,United Kingdom,Paris
522934130,5,2023,8,United States,California
522937151,4,2023,9,United States,California
522942173,5,2023,8,United Kingdom,California
522961739,5,2023,4,Lebanon,Paris
523000078,5,2023,9,United States,California
523016043,3,2023,6,United Kingdom,Paris
523030126,3,2023,9,United Kingdom,Paris
523035431,5,2023,9,India,HongKong
523049736,5,2023,9,United Kingdom,HongKong
523121786,3,2023,9,France,Paris
523158480,5,2023,8,United States,California
523191204,5,2023,9,United Kingdom,California
523193375,5,2023,9,Romania,Paris
523253650,5,2023,9,United States,California
523294270,5,2023,9,United States,California
523307272,5,2023,8,United States,Paris
523406426,4,2023,2,Philippines,HongKong
523418664,4,2023,9,Spain,HongKong
523468575,4,2023,9,United Kingdom,Paris
523471833,5,2023,9,United Kingdom,Paris
523511371,4,2023,9,United Kingdom,Paris
523512396,2,2023,2,United Kingdom,Paris
523554058,5,2023,8,Jordan,Paris
523578407,5,2023,6,United Kingdom,HongKong
523625940,5,2023,9,United Arab Emirates,HongKong
523648376,5,2023,8,Philippines,HongKong
523753566,4,2023,8,United Kingdom,HongKong
523845927,4,2023,8,Canada,California
523889255,5,2023,9,Australia,HongKong
523892246,2,2023,9,Canada,California
523897786,2,2023,9,Australia,California
523907046,5,2023,9,United Kingdom,California
523925456,5,2023,9,Singapore,HongKong
523928790,5,2023,9,United Kingdom,Paris
523971305,4,2023,4,United States,HongKong
523978225,5,2023,8,United Kingdom,California
524079675,5,2023,8,South Africa,HongKong
524100683,5,2023,9,United States,California
524111779,4,2023,4,United States,California
524135377,4,2023,9,United Kingdom,Paris
524149130,5,2023,9,United Kingdom,Paris
524165327,5,2023,9,United States,California
524166088,1,2023,9,United States,California
524173825,5,2023,8,Canada,California
524174849,4,2023,9,United Kingdom,Paris
524189354,5,2023,9,Singapore,HongKong
524189671,5,2023,8,United States,California
524190593,2,2023,9,United Kingdom,Paris
524212827,4,2023,8,Australia,HongKong
524217194,5,2023,6,United States,California
524223337,3,2023,9,United States,California
524229851,3,2023,8,Australia,HongKong
524239716,5,2023,9,New Zealand,California
524261562,5,2023,9,Indonesia,HongKong
524264246,3,2023,7,Hong Kong,HongKong
524288011,5,2023,9,Australia,HongKong
524290466,2,2023,9,United Kingdom,Paris
524332802,2,2023,9,United States,Paris
524338000,5,2023,5,India,Paris
524342281,5,2023,8,United Kingdom,Paris
524359755,5,2023,6,Philippines,HongKong
524367374,5,2023,8,United Kingdom,Paris
524386131,5,2023,8,Italy,California
524436979,5,2023,4,United Kingdom,Paris
524441959,5,2023,6,India,HongKong
524512869,5,2023,9,Saudi Arabia,HongKong
524513677,5,2023,9,Malaysia,HongKong
524527778,5,2023,8,United States,California
524564310,5,2023,9,United Kingdom,Paris
524605638,4,2023,9,United Kingdom,Paris
524616715,5,2023,9,United Kingdom,Paris
524622559,5,2023,9,United States,California
524687716,1,2023,9,United Kingdom,Paris
524691446,3,2023,9,United States,California
524697083,4,2023,9,United States,California
524699885,3,2023,8,United Kingdom,Paris
524701971,5,2023,5,India,HongKong
524732662,5,2023,8,United States,California
524742841,3,2023,6,New Zealand,HongKong
524763484,3,2023,3,Singapore,HongKong
524768605,5,2023,9,Australia,California
524873216,3,2023,9,Belgium,HongKong
524956195,5,2023,9,United States,California
524956470,5,2023,8,New Zealand,California
525035932,2,2023,9,Australia,Paris
525132641,1,2023,9,United Arab Emirates,California
525181240,5,2023,2,United Kingdom,Paris
525204747,5,2023,8,United Kingdom,Paris
525211586,5,2023,9,United States,HongKong
525218934,5,2023,1,United States,California
525257982,3,2023,9,United States,California
525278206,4,2023,9,Singapore,HongKong
525366075,5,2023,9,United Kingdom,Paris
525397077,4,2023,9,United Kingdom,Paris
525421007,1,2023,9,New Zealand,Paris
525459655,5,2023,9,United States,California
525472390,3,2023,8,United Kingdom,Paris
525566225,5,2023,9,United Kingdom,California
525569483,4,2023,9,Portugal,Paris
525570817,4,2023,9,United States,California
525582703,4,2023,9,United States,California
525591966,5,2023,9,United States,California
525592267,5,2023,9,Philippines,HongKong
525592423,5,2023,9,United States,California
525656497,5,2023,9,Switzerland,Paris
525657497,5,2023,9,Iceland,Paris
525658099,3,2023,5,India,Paris
525731072,3,2023,8,Malaysia,HongKong
525791404,4,2023,8,United States,California
525811196,5,2023,9,United Kingdom,California
525814512,5,2023,9,United Kingdom,Paris
525822458,5,2023,9,Mexico,California
525856091,3,2023,9,United States,California
525858687,4,2023,9,Australia,HongKong
525873043,5,2023,1,United States,California
525897893,5,2023,9,Australia,California
525903238,4,2023,9,Australia,California
525934060,4,2023,9,Australia,Paris
525956014,5,2023,7,Australia,HongKong
525960520,5,2023,9,Ireland,Paris
525967308,4,2023,9,Singapore,HongKong
525972411,5,2023,9,United Kingdom,Paris
526000751,3,2023,9,United States,California
526062583,5,2023,9,United States,California
526081791,3,2023,9,United States,California
526085739,2,2023,5,United Kingdom,Paris
526088096,5,2023,9,United States,California
526089801,5,2023,8,United States,California
526142426,5,2023,9,United States,California
526143971,3,2023,9,United States,California
526173809,5,2023,5,United States,California
526197269,3,2023,9,Hong Kong,HongKong
526250440,5,2023,9,United Kingdom,Paris
526298832,5,2023,9,United States,HongKong
526312311,5,2023,9,United Kingdom,Paris
526346297,4,2023,9,United Kingdom,Paris
526384407,3,2023,9,United States,California
526390556,5,2023,3,United Kingdom,Paris
526423998,4,2023,9,United States,HongKong
526430114,4,2023,9,United States,California
526452247,5,2023,8,United Kingdom,California
526462332,4,2023,5,Hong Kong,HongKong
526513815,5,2023,9,India,HongKong
526535655,2,2023,9,Australia,Paris
526638923,5,2023,9,Australia,HongKong
526667936,5,2023,9,Australia,HongKong
526678930,3,2023,9,Australia,HongKong
526679715,3,2023,9,Indonesia,HongKong
526690182,5,2023,9,United Kingdom,Paris
526713004,3,2023,7,Saudi Arabia,Paris
526718087,1,2023,8,Qatar,Paris
526731683,5,2023,6,United Kingdom,Paris
526735941,4,2023,9,United Kingdom,California
526757840,5,2023,8,Saudi Arabia,California
526769742,5,2023,9,United Kingdom,Paris
526769825,2,2023,9,United Kingdom,California
526789146,5,2023,2,Canada,California
526791312,5,2023,9,United States,HongKong
526807731,3,2023,9,United States,Paris
526854958,5,2023,9,United States,California
526871275,2,2023,9,United States,California
526880984,5,2023,9,Canada,California
526885176,3,2023,9,United Kingdom,Paris
526969759,5,2023,9,Brazil,Paris
526979028,5,2023,9,Malaysia,HongKong
527048752,5,2023,9,United States,California
527064870,5,2023,9,United States,California
527149339,4,2023,8,Canada,HongKong
527157412,5,2023,9,Taiwan,HongKong
527182241,1,2023,9,Hong Kong,HongKong
527208883,5,2023,9,Indonesia,HongKong
527214626,3,2023,9,United Kingdom,Paris
527224973,5,2023,2,Philippines,HongKong
527345017,4,2023,9,United Kingdom,Paris
527413926,2,2023,9,Netherlands,Paris
527419095,4,2023,9,United States,California
527421013,5,2023,9,United Kingdom,Paris
527444206,5,2023,9,United States,California
527445215,5,2023,9,United States,California
527449193,5,2023,9,New Zealand,California
527456328,4,2023,9,Australia,HongKong
527470660,4,2023,6,Canada,HongKong
527474883,5,2023,9,Singapore,HongKong
527495354,4,2023,9,United Kingdom,HongKong
527507994,4,2023,9,United Kingdom,Paris
527581149,1,2023,3,United States,Paris
527632846,3,2023,9,Canada,California
527643248,5,2023,9,United Kingdom,Paris
527646960,1,2023,7,United Kingdom,Paris
527651416,4,2023,9,United Kingdom,California
527662550,4,2023,9,Australia,Paris
527667252,5,2023,1,United States,California
527722623,5,2023,9,Australia,California
527746733,5,2023,9,Australia,HongKong
527750578,5,2023,9,Indonesia,HongKong
527787342,5,2023,9,United States,Paris
527788107,5,2023,9,United Kingdom,Paris
527801788,5,2023,9,United Kingdom,California
527806303,5,2023,9,United Kingdom,Paris
527823170,4,2023,9,United States,California
527861254,5,2023,6,United States,California
527868730,5,2023,9,Canada,California
527872887,3,2023,9,Singapore,HongKong
527880454,2,2023,9,South Africa,Paris
527939194,3,2023,8,United States,Paris
527974089,4,2023,9,United Kingdom,HongKong
527980199,4,2023,9,United Kingdom,California
528047217,5,2023,9,Finland,HongKong
528081243,4,2023,9,United States,California
528102665,4,2023,9,Hungary,Paris
528138099,1,2023,9,United States,California
528142057,5,2023,9,Australia,California
528160419,4,2023,5,Philippines,HongKong
528160685,5,2023,9,South Africa,HongKong
528163853,5,2023,9,Australia,California
528165747,5,2023,9,Canada,Paris
528170686,1,2023,7,Australia,Paris
528193776,5,2023,9,Japan,HongKong
528204196,2,2023,9,United Kingdom,Paris
528221738,5,2023,6,Australia,HongKong
528250709,5,2023,9,United Kingdom,Paris
528263559,4,2023,9,United Kingdom,Paris
528316954,3,2023,9,United States,California
528346390,5,2023,9,United States,California
528347501,5,2023,7,United States,California
528353152,3,2023,9,Australia,Paris
528378179,4,2023,9,French Polynesia,California
528398344,4,2023,8,United States,California
528445035,5,2023,9,United Kingdom,Paris
528470283,5,2023,6,Philippines,HongKong
528472758,4,2023,9,Spain,Paris
528484653,3,2023,9,United States,HongKong
528534946,5,2023,9,United States,California
528597697,3,2023,9,Australia,HongKong
528608379,3,2023,9,United Kingdom,Paris
528613734,3,2023,9,Australia,California
528614869,4,2023,10,United States,HongKong
528677438,4,2023,7,Australia,HongKong
528681599,4,2023,3,Hong Kong,HongKong
528694807,5,2023,9,Indonesia,HongKong
528751462,5,2023,9,United States,California
528753395,5,2023,9,Philippines,HongKong
528780123,5,2023,9,United Kingdom,Paris
528786012,5,2023,9,United Kingdom,Paris
528840079,5,2023,10,Canada,California
528847923,5,2023,10,Australia,California
528848881,4,2023,9,United States,California
528849152,4,2023,9,Australia,California
528850270,4,2023,9,United States,California
528870835,5,2023,9,India,HongKong
528880307,5,2023,9,India,Paris
528914048,5,2023,9,India,Paris
528971701,5,2023,9,Australia,HongKong
528975284,5,2023,9,Singapore,HongKong
528992542,5,2023,9,United States,California
529029781,5,2023,10,United States,California
529036239,4,2023,5,United Kingdom,HongKong
529047427,3,2023,9,United Kingdom,Paris
529074309,4,2023,9,United States,California
529082346,5,2023,10,United Kingdom,Paris
529172968,5,2023,9,Australia,HongKong
529187536,5,2023,9,Austria,California
529200714,5,2023,10,United States,California
529202259,3,2023,9,Canada,California
529207048,3,2023,9,United Kingdom,Paris
529215207,4,2023,8,United States,California
529217032,1,2023,9,United States,California
529263879,5,2023,9,United States,California
529279235,4,2023,9,Mexico,California
529281446,5,2023,9,Philippines,HongKong
529303815,3,2023,9,United States,California
529317970,5,2023,9,United States,California
529328184,5,2023,10,Australia,HongKong
529356026,5,2023,9,India,HongKong
529407770,3,2023,9,Australia,California
529459754,2,2023,10,India,HongKong
529482577,5,2023,10,United States,California
529515347,5,2023,10,United States,California
529571966,4,2023,9,Indonesia,HongKong
529598479,4,2023,4,United States,California
529602305,4,2023,10,Australia,Paris
529619064,3,2023,9,United Kingdom,Paris
529674390,5,2023,9,United Kingdom,Paris
529689050,5,2023,10,Iran,Paris
529690350,4,2023,9,United Kingdom,Paris
529698430,5,2023,9,Lebanon,Paris
529707382,4,2023,9,India,HongKong
529727638,4,2023,9,United States,California
529757730,5,2023,9,Philippines,HongKong
529763312,5,2023,9,United Kingdom,Paris
529769066,4,2023,9,India,Paris
529798611,5,2023,8,Kazakhstan,Paris
529866194,4,2023,9,United States,Paris
529897024,5,2023,7,Australia,California
529913778,5,2023,10,New Zealand,California
529956370,5,2023,8,United States,Paris
529971144,5,2023,10,United Kingdom,Paris
530012287,5,2023,3,United States,California
530027585,4,2023,10,United States,California
530029381,5,2023,9,United States,California
530048726,4,2023,10,Australia,HongKong
530065002,4,2023,10,United States,California
530082824,5,2023,9,Philippines,HongKong
530100654,4,2023,10,Australia,HongKong
530278217,5,2023,10,Belgium,Paris
530365717,4,2023,9,United States,California
530378370,3,2023,10,United States,California
530405795,5,2023,9,Australia,California
530415337,5,2023,10,Australia,HongKong
530441776,3,2023,9,Hong Kong,HongKong
530517562,4,2023,9,United States,Paris
530528957,5,2023,8,United Kingdom,Paris
530591482,2,2023,10,United Kingdom,Paris
530595258,5,2023,10,United States,California
530633577,5,2023,9,United States,Paris
530644349,5,2023,10,China,HongKong
530644599,3,2023,10,United States,HongKong
530661176,5,2023,9,Singapore,HongKong
530669986,3,2023,10,Australia,California
530677583,5,2023,10,United States,California
530680803,4,2023,10,United States,HongKong
530686880,1,2023,10,United Kingdom,HongKong
530692642,5,2023,10,Australia,HongKong
530712098,5,2023,10,Australia,HongKong
530746308,5,2023,9,United States,California
530759027,1,2023,10,Australia,Paris
530774498,5,2023,10,United States,California
530778417,5,2023,10,Philippines,HongKong
530820844,5,2023,10,Belgium,Paris
530861857,5,2023,10,United Kingdom,Paris
530866762,5,2023,9,United Kingdom,HongKong
530874377,1,2023,10,India,Paris
530889663,3,2023,10,Panama,Paris
530895076,5,2023,10,United States,California
530905821,5,2023,3,Canada,California
530922258,3,2023,10,United States,California
530931297,5,2023,9,United States,California
530934740,5,2023,10,Singapore,California
530935927,5,2023,9,United States,California
530945306,2,2023,10,United States,California
530945371,4,2023,10,United States,HongKong
530946620,3,2023,10,United States,Paris
530947362,3,2023,10,Australia,HongKong
530954029,4,2023,10,United Kingdom,Paris
530954630,2,2023,10,India,HongKong
530971684,5,2023,9,Australia,California
531024583,3,2023,8,Netherlands,Paris
531039230,4,2023,10,Russia,HongKong
531117738,5,2023,10,United States,California
531119114,3,2023,10,United States,California
531138321,5,2023,9,United Kingdom,California
531181165,5,2023,9,United Kingdom,California
531183629,3,2023,9,United States,Paris
531186836,3,2023,10,Canada,California
531204635,3,2023,10,United Kingdom,Paris
531208164,4,2023,10,United Kingdom,Paris
531213484,5,2023,10,United States,California
531219419,2,2023,10,United Kingdom,Paris
531231895,4,2023,9,Canada,Paris
531238273,5,2023,10,Australia,California
531249758,3,2023,9,Australia,Paris
531258839,5,2023,4,United States,California
531263627,3,2023,9,United States,California
531272833,1,2023,9,United Kingdom,Paris
531359914,4,2023,10,United States,HongKong
531396504,5,2023,10,United States,California
531409793,1,2023,10,United States,California
531419775,5,2023,10,Canada,California
531467890,5,2023,8,Denmark,California
531507229,5,2023,6,United Kingdom,Paris
531509074,5,2023,10,United Kingdom,California
531540770,2,2023,9,Australia,California
531544194,5,2023,9,Indonesia,HongKong
531552998,5,2023,10,Canada,California
531558407,5,2023,10,United States,California
531570288,4,2023,10,United States,California
531591529,2,2023,10,United Kingdom,HongKong
531633833,2,2023,10,Germany,Paris
531651082,5,2023,9,United Kingdom,HongKong
531674463,4,2023,8,Indonesia,HongKong
531744548,3,2023,10,United States,Paris
531753096,5,2023,9,Norway,Paris
531767256,3,2023,10,United Kingdom,Paris
531786763,4,2023,10,United States,California
531800817,4,2023,10,Australia,Paris
531848411,3,2023,6,Singapore,HongKong
531865106,5,2023,9,New Zealand,California
531944358,4,2023,10,Vietnam,HongKong
532014058,5,2023,2,United Kingdom,Paris
532032185,4,2023,10,United States,California
532087545,3,2023,6,Bangladesh,HongKong
532114955,5,2023,10,United Kingdom,Paris
532118344,5,2023,10,South Africa,Paris
532159114,5,2023,10,United Kingdom,Paris
532164590,3,2023,10,Mexico,California
532179238,5,2023,6,Hong Kong,HongKong
532204151,5,2023,9,Australia,California
532218767,5,2023,10,New Zealand,California
532248608,3,2023,10,United States,HongKong
532249335,1,2023,9,United States,California
532264372,3,2023,10,India,HongKong
532352254,5,2023,10,United States,California
532362697,5,2023,10,United Kingdom,Paris
532420954,5,2023,10,United States,California
532426783,5,2023,10,United Kingdom,California
532437628,4,2023,10,Netherlands,California
532443969,3,2023,8,United States,California
532453320,4,2023,10,Canada,California
532567221,5,2023,10,United Kingdom,Paris
532567533,4,2023,10,United Kingdom,Paris
532567610,4,2023,9,Australia,HongKong
532589524,5,2023,10,United Kingdom,Paris
532606884,5,2023,10,Australia,HongKong
532661053,4,2023,10,South Africa,Paris
532674640,3,2023,10,United States,California
532683631,5,2023,9,United Kingdom,Paris
532691929,5,2023,9,Australia,HongKong
532711443,5,2023,9,United States,California
532745965,5,2023,10,Australia,HongKong
532749781,4,2023,9,Australia,HongKong
532753927,5,2023,10,United States,California
532776979,5,2023,10,Australia,California
532829037,4,2023,10,Sweden,HongKong
532869135,4,2023,10,United Kingdom,HongKong
532880611,5,2023,9,Singapore,HongKong
532909172,4,2023,10,New Zealand,California
532914826,4,2023,10,United States,California
532925961,5,2023,10,United Kingdom,Paris
532949672,5,2023,10,United Kingdom,Paris
532967457,3,2023,10,United States,California
532976000,5,2023,8,Spain,Paris
532993538,4,2023,10,United States,California
533024229,5,2023,3,Indonesia,HongKong
533026993,5,2023,9,United States,Paris
533061393,5,2023,10,Ireland,Paris
533123207,5,2023,10,United States,California
533130370,3,2023,10,United States,California
533138652,5,2023,10,United States,California
533161702,5,2023,8,United Kingdom,California
533245244,4,2023,2,France,California
533249161,5,2023,7,United Kingdom,California
533259802,5,2023,10,United States,California
533261158,5,2023,10,United States,California
533266883,5,2023,10,Canada,California
533283450,3,2023,10,United Kingdom,HongKong
533362151,5,2023,10,United Kingdom,Paris
533397364,1,2023,10,Netherlands,Paris
533399266,5,2023,10,United Kingdom,California
533409622,3,2023,10,Iran,Paris
533469071,2,2023,10,Finland,Paris
533529397,5,2023,9,United Kingdom,California
533565245,5,2023,9,United Kingdom,Paris
533575112,4,2023,10,Australia,California
533582185,4,2023,10,United States,Paris
533583855,4,2023,10,United States,California
533590511,3,2023,10,United States,California
533606463,2,2023,10,United Kingdom,California
533609839,5,2023,9,United States,California
533613814,5,2023,3,United States,California
533618732,5,2023,10,United Kingdom,Paris
533643386,5,2023,10,Australia,California
533675420,3,2023,10,United States,California
533701175,4,2023,10,United Kingdom,Paris
533704954,5,2023,10,United Kingdom,Paris
533716892,4,2023,10,Indonesia,HongKong
533772705,5,2023,3,Thailand,HongKong
533774977,5,2023,9,Australia,Paris
533801778,5,2023,1,United States,California
533818290,3,2023,8,United Kingdom,California
533846568,5,2023,10,Belgium,Paris
533851656,3,2023,9,United Kingdom,Paris
533854836,4,2023,10,United States,Paris
533885214,5,2023,10,United States,California
533894901,3,2023,10,United States,California
533910172,5,2023,10,Philippines,California
533911140,5,2023,10,United States,California
533918127,4,2023,10,United Kingdom,California
533989359,3,2023,10,United Kingdom,Paris
534082289,1,2023,10,Italy,Paris
534126058,5,2023,7,Egypt,California
534153321,1,2023,5,United States,California
534169317,5,2023,10,New Zealand,California
534188107,5,2023,10,United States,California
534189898,1,2023,10,Australia,California
534233333,5,2023,9,United Kingdom,California
534237045,4,2023,10,United States,HongKong
534242396,5,2023,10,Australia,California
534343505,5,2023,10,France,Paris
534423022,1,2023,10,Switzerland,Paris
534456075,3,2023,10,United States,California
534465637,1,2023,8,United Kingdom,Paris
534466324,5,2023,10,United States,California
534480664,4,2023,10,Canada,California
534493968,5,2023,9,United Kingdom,Paris
534591663,5,2023,10,United Kingdom,Paris
534607529,5,2023,7,United States,California
534634757,5,2023,10,Spain,Paris
534655135,5,2023,4,United States,California
534702605,3,2023,10,United Kingdom,Paris
534718086,5,2023,10,United Kingdom,Paris
534748557,5,2023,10,United States,California
534757782,5,2023,10,United States,California
534767954,4,2023,9,Australia,Paris
534787715,3,2023,5,Australia,HongKong
534818454,4,2023,10,United Kingdom,Paris
534829577,5,2023,10,United States,Paris
534909102,4,2023,10,United Kingdom,California
534929023,5,2023,10,United Kingdom,California
534957706,5,2023,10,Australia,California
534964923,5,2023,4,United States,California
534976649,5,2023,10,Trinidad and Tobago,Paris
534977883,5,2023,10,United States,California
534984024,5,2023,10,Cook Islands,California
535004723,5,2023,9,Philippines,California
535011929,4,2023,10,United Kingdom,Paris
535068469,4,2023,10,United States,California
535070668,5,2023,10,United Arab Emirates,California
535109214,4,2023,6,India,Paris
535118006,2,2023,10,United Kingdom,Paris
535154413,4,2023,5,Lebanon,Paris
535173938,4,2023,10,Canada,California
535179072,2,2023,10,Switzerland,California
535181303,5,2023,10,Belgium,Paris
535194930,4,2023,10,Norway,Paris
535217635,4,2023,7,United Kingdom,Paris
535225426,5,2023,10,Australia,HongKong
535244494,4,2023,10,Australia,California
535261523,5,2023,2,Canada,HongKong
535322332,5,2023,10,Malaysia,HongKong
535385151,3,2023,10,United States,HongKong
535411443,5,2023,10,United States,California
535413385,1,2023,10,Canada,California
535444344,5,2023,9,United Kingdom,Paris
535452023,4,2023,10,United Kingdom,Paris
535467571,5,2023,10,Indonesia,Paris
535503216,5,2023,9,United States,Paris
535505698,5,2023,10,United Kingdom,Paris
535541018,4,2023,10,United States,California
535555091,5,2023,10,Spain,Paris
535611589,5,2023,10,Iceland,Paris
535636261,3,2023,10,United Kingdom,Paris
535644433,5,2023,10,United Kingdom,Paris
535719859,5,2023,8,India,HongKong
535725248,5,2023,10,United Kingdom,Paris
535781528,5,2023,5,Philippines,California
535786405,2,2023,10,Philippines,HongKong
535786682,5,2023,10,New Zealand,California
535792725,4,2023,10,United States,California
535796194,5,2023,4,Philippines,HongKong
535810751,4,2023,10,United Kingdom,HongKong
535812469,5,2023,10,Thailand,Paris
535822438,5,2023,9,France,Paris
535832481,5,2023,10,United Kingdom,Paris
535865738,4,2023,1,Luxembourg,Paris
535900761,4,2023,10,United Kingdom,Paris
535922766,5,2023,10,United States,California
535927426,3,2023,2,United States,California
535941152,1,2023,9,United States,Paris
535957202,5,2023,10,India,HongKong
535959786,5,2023,6,United States,California
535981290,5,2023,10,United States,California
535991692,5,2023,10,United States,California
536040037,5,2023,10,Canada,California
536043534,3,2023,10,United States,HongKong
536049389,4,2023,9,Philippines,HongKong
536056605,5,2023,10,Australia,California
536091777,4,2023,10,Australia,California
536100802,5,2023,10,United Kingdom,California
536148020,4,2023,10,United Kingdom,Paris
536150052,5,2023,10,South Africa,HongKong
536154130,4,2023,10,India,HongKong
536154724,4,2023,10,United Kingdom,Paris
536155218,5,2023,3,Russia,Paris
536174611,5,2023,10,New Zealand,California
536174664,5,2023,10,United Kingdom,Paris
536175071,4,2023,5,Guam,HongKong
536205349,5,2023,10,United States,California
536212362,5,2023,10,United Kingdom,Paris
536220225,4,2023,10,New Zealand,California
536222827,5,2023,10,United Kingdom,Paris
536255394,5,2023,10,United Kingdom,Paris
536268275,5,2023,9,United Kingdom,HongKong
536275357,5,2023,8,United Kingdom,Paris
536283755,4,2023,10,United States,HongKong
536298802,5,2023,10,Canada,California
536300290,5,2023,9,United States,California
536332513,5,2023,10,United Kingdom,Paris
536372352,3,2023,10,United Kingdom,Paris
536391244,5,2023,10,United States,California
536417528,3,2023,10,United States,California
536443948,5,2023,10,United States,California
536471984,3,2023,10,United States,California
536498054,5,2023,10,United Kingdom,Paris
536509002,5,2023,10,Australia,California
536509441,4,2023,10,Australia,California
536513799,1,2023,10,Canada,California
536525343,4,2023,9,Australia,California
536536093,4,2023,9,India,Paris
536547430,4,2023,10,United Kingdom,Paris
536549439,4,2023,10,United Kingdom,Paris
536556447,4,2023,10,United States,HongKong
536557206,5,2023,1,India,HongKong
536567152,1,2023,10,United Kingdom,Paris
536570558,2,2023,10,United Kingdom,California
536611017,4,2023,10,Thailand,HongKong
536629625,3,2023,10,United States,California
536642780,3,2023,10,United States,California
536693663,5,2023,10,United Kingdom,Paris
536697501,5,2023,10,Brazil,Paris
536705765,5,2023,1,United Kingdom,Paris
536715719,5,2023,9,Australia,Paris
536732213,4,2023,10,Australia,HongKong
536762703,5,2023,10,Australia,HongKong
536763852,3,2023,8,India,HongKong
536779003,4,2023,10,Canada,HongKong
536782574,5,2023,10,United Kingdom,Paris
536812618,5,2023,10,United Kingdom,Paris
536864853,3,2023,10,China,Paris
536911330,4,2023,10,United Kingdom,Paris
536914495,5,2023,10,United States,California
536926152,5,2023,10,United Kingdom,Paris
536964720,5,2023,10,United Kingdom,Paris
536970600,5,2023,8,United Kingdom,Paris
537061429,5,2023,10,United Kingdom,Paris
537079643,5,2023,10,United Kingdom,Paris
537126079,3,2023,10,Vietnam,HongKong
537129667,5,2023,10,United Kingdom,Paris
537139313,3,2023,10,Philippines,HongKong
537144312,4,2023,10,United Kingdom,Paris
537151959,4,2023,10,Philippines,HongKong
537155286,4,2023,10,United Kingdom,HongKong
537163284,5,2023,2,Singapore,HongKong
537168875,5,2023,7,United States,Paris
537198341,5,2023,10,United Kingdom,Paris
537212826,3,2023,10,United Kingdom,Paris
537217270,5,2023,10,United States,California
537243006,5,2023,10,United Kingdom,Paris
537249224,2,2023,10,United Kingdom,HongKong
537269028,4,2023,10,Singapore,HongKong
537304605,5,2023,10,Malaysia,HongKong
537321271,5,2023,10,Philippines,HongKong
537323654,2,2023,9,United Kingdom,Paris
537324158,5,2023,10,India,HongKong
537411676,5,2023,10,United Kingdom,Paris
537417602,4,2023,10,United States,California
537463535,5,2023,10,United Kingdom,Paris
537480449,5,2023,10,United States,California
537495710,5,2023,10,United States,California
537499611,5,2023,10,United States,California
537526312,5,2023,11,United States,California
537558495,4,2023,11,Sweden,HongKong
537562504,4,2023,10,Indonesia,HongKong
537569018,3,2023,10,Singapore,Paris
537571194,5,2023,11,Philippines,HongKong
537585650,5,2023,10,United Kingdom,Paris
537590140,4,2023,10,Australia,California
537603354,5,2023,10,United Kingdom,Paris
537622044,5,2023,10,United Kingdom,Paris
537654468,5,2023,10,United States,California
537655335,4,2023,10,United States,California
537672544,5,2023,8,United Arab Emirates,HongKong
537718381,5,2023,10,United States,California
537723589,5,2023,10,Ireland,California
537731332,3,2023,4,South Africa,HongKong
537736030,3,2023,10,United Kingdom,Paris
537744161,5,2023,10,United States,California
537748084,4,2023,1,United States,California
537753063,5,2023,10,United States,California
537758219,5,2023,9,United States,Paris
537776179,4,2023,10,Australia,HongKong
537791130,2,2023,11,New Zealand,California
537806355,1,2023,10,United Kingdom,Paris
537839524,5,2023,4,Philippines,HongKong
537841094,1,2023,10,United Kingdom,Paris
537842557,4,2023,10,Australia,HongKong
537843110,3,2023,10,United Kingdom,Paris
537843418,1,2023,10,United Kingdom,Paris
537845476,4,2023,10,United States,California
537868290,3,2023,11,Australia,HongKong
537877960,5,2023,10,United Kingdom,Paris
537889608,5,2023,11,United Kingdom,Paris
537897547,5,2023,10,United States,California
537934126,5,2023,11,United States,California
537962599,4,2023,11,United Kingdom,Paris
537962695,5,2023,11,Philippines,HongKong
537981889,5,2023,10,United States,California
537985031,5,2023,4,United States,California
537986101,3,2023,10,United States,California
537988286,4,2023,10,Mexico,Paris
537992104,4,2023,11,Australia,California
537994836,5,2023,10,United States,HongKong
537996915,5,2023,9,Australia,HongKong
538015157,4,2023,10,United Kingdom,Paris
538031879,5,2023,3,United States,Paris
538032107,4,2023,11,Egypt,Paris
538075554,5,2023,7,India,Paris
538081047,5,2023,10,Singapore,HongKong
538085964,3,2023,11,India,California
538169183,4,2023,10,United Kingdom,California
538173169,5,2023,10,Australia,California
538189692,3,2023,2,United States,California
538198639,4,2023,10,Indonesia,Paris
538210359,4,2023,6,India,HongKong
538214553,5,2023,3,Hong Kong,HongKong
538215709,5,2023,10,United Kingdom,California
538239751,5,2023,11,Malta,Paris
538260596,5,2023,8,Indonesia,HongKong
538271473,5,2023,11,United Kingdom,Paris
538298522,5,2023,11,United States,California
538313480,5,2023,10,United States,California
538317824,4,2023,10,United States,HongKong
538368192,4,2023,10,United States,California
538387271,5,2023,10,Australia,California
538487745,5,2023,10,United Kingdom,HongKong
538520695,5,2023,11,United States,California
538546692,5,2023,11,United Kingdom,Paris
538556235,4,2023,11,United Kingdom,California
538556481,4,2023,10,United Kingdom,Paris
538566640,3,2023,10,United States,California
538580240,4,2023,10,Australia,HongKong
538595656,5,2023,10,United States,California
538599201,4,2023,10,United Kingdom,Paris
538608304,5,2023,10,United States,California
538630483,5,2023,10,Canada,California
538642776,5,2023,11,Canada,HongKong
538669049,3,2023,11,United Kingdom,Paris
538734390,4,2023,11,Ireland,HongKong
538740219,5,2023,9,India,HongKong
538829820,5,2023,10,United Kingdom,Paris
538861804,4,2023,10,United Kingdom,Paris
538875948,1,2023,10,United Kingdom,Paris
538901347,4,2023,4,United Kingdom,California
538918703,5,2023,11,United States,California
538923250,5,2023,10,Australia,California
538927935,5,2023,11,Australia,California
538930372,4,2023,11,Australia,California
538935175,5,2023,10,India,HongKong
538940290,5,2023,10,United Kingdom,California
538957540,4,2023,11,Australia,HongKong
538976310,5,2023,10,United Kingdom,Paris
538983148,5,2023,10,United Kingdom,Paris
538983256,4,2023,11,United Kingdom,Paris
538993157,5,2023,10,Australia,HongKong
538996385,4,2023,2,Greece,Paris
538999117,4,2023,10,United Kingdom,HongKong
539046211,3,2023,8,United Kingdom,Paris
539047824,5,2023,11,Ireland,Paris
539074123,3,2023,10,United Kingdom,HongKong
539084426,4,2023,11,Australia,California
539104305,5,2023,10,New Zealand,HongKong
539104985,4,2023,11,Singapore,HongKong
539120990,3,2023,8,United Kingdom,Paris
539132301,2,2023,11,United Kingdom,Paris
539138792,3,2023,11,Hong Kong,HongKong
539140976,5,2023,10,United States,HongKong
539145727,3,2023,10,United Kingdom,Paris
539210861,4,2023,11,Canada,California
539217569,5,2023,10,United Kingdom,Paris
539228153,5,2023,1,Canada,California
539271563,4,2023,8,United States,HongKong
539278846,3,2023,11,Australia,California
539301797,5,2023,11,United Kingdom,Paris
539305022,3,2023,11,United States,Paris
539319424,4,2023,6,Singapore,HongKong
539348191,4,2023,11,United Kingdom,Paris
539358943,5,2023,10,United States,HongKong
539387575,5,2023,10,United States,California
539403183,4,2023,6,France,Paris
539433002,4,2023,6,United States,Paris
539446910,5,2023,10,United Kingdom,California
539448471,5,2023,11,United States,California
539448829,5,2023,11,Brazil,Paris
539449382,5,2023,10,United States,California
539460234,5,2023,9,India,Paris
539487763,4,2023,11,United Kingdom,Paris
539498801,5,2023,10,Australia,HongKong
539504720,5,2023,10,United States,California
539513331,5,2023,11,Australia,California
539519997,5,2023,8,Australia,California
539530643,3,2023,10,Australia,California
539552536,4,2023,11,Australia,HongKong
539554587,5,2023,9,Australia,California
539556247,5,2023,11,Hong Kong,HongKong
539579419,5,2023,11,Philippines,HongKong
539610273,5,2023,11,United Kingdom,Paris
539670186,5,2023,11,Australia,HongKong
539703494,5,2023,10,United Kingdom,Paris
539719965,3,2023,11,Saudi Arabia,Paris
539733102,5,2023,11,Finland,California
539742059,1,2023,11,United Kingdom,Paris
539754277,5,2023,11,United Kingdom,Paris
539764210,5,2023,11,United States,California
539788839,5,2023,10,United States,California
539806045,5,2023,9,United States,California
539844509,4,2023,11,United States,California
539863613,5,2023,10,United States,HongKong
539898260,5,2023,11,Indonesia,HongKong
539947822,2,2023,10,Hong Kong,California
539965902,4,2023,10,United States,Paris
539969202,5,2023,9,Brazil,Paris
540026978,4,2023,11,United States,California
540037797,4,2023,11,United States,California
540055465,5,2023,10,United Kingdom,Paris
540064024,2,2023,10,Canada,California
540075563,1,2023,11,United States,California
540106781,5,2023,11,United States,California
540171164,2,2023,10,United Kingdom,California
540184977,5,2023,11,United States,California
540208238,2,2023,10,United Kingdom,HongKong
540248189,5,2023,10,United States,California
540257334,5,2023,10,United Kingdom,Paris
540259438,4,2023,10,Australia,HongKong
540275425,5,2023,11,Azerbaijan,Paris
540281479,5,2023,11,Ireland,Paris
540297412,5,2023,10,Singapore,HongKong
540315905,4,2023,11,United States,California
540319676,5,2023,6,Ireland,Paris
540334073,5,2023,11,United Kingdom,Paris
540402763,5,2023,11,Australia,California
540403655,4,2023,10,Germany,Paris
540423664,5,2023,11,Singapore,HongKong
540426727,5,2023,4,Malaysia,HongKong
540490430,5,2023,11,United Kingdom,Paris
540533591,3,2023,10,United States,California
540541047,3,2023,11,Australia,HongKong
540542578,5,2023,11,Indonesia,HongKong
540552649,5,2023,10,Singapore,HongKong
540556406,5,2023,11,Singapore,HongKong
540558214,2,2023,11,India,HongKong
540559632,5,2023,11,United Kingdom,HongKong
540632901,1,2023,11,United Kingdom,California
540638977,5,2023,10,Switzerland,HongKong
540653962,3,2023,10,United Kingdom,Paris
540679560,5,2023,11,United Kingdom,Paris
540713188,5,2023,9,Malta,Paris
540725669,3,2023,11,Ireland,California
540743305,5,2023,10,United Kingdom,Paris
540766596,4,2023,11,United States,California
540771281,3,2023,11,United Kingdom,Paris
540849082,2,2023,8,United Kingdom,Paris
540902372,5,2023,11,United Kingdom,Paris
540917412,5,2023,9,Croatia,Paris
540918166,5,2023,10,Thailand,HongKong
540969136,5,2023,11,United States,California
541024448,5,2023,11,Philippines,HongKong
541026680,4,2023,10,Australia,California
541033559,3,2023,11,United States,California
541040529,5,2023,10,Australia,California
541098689,2,2023,11,United States,Paris
541133298,3,2023,9,United States,California
541152499,3,2023,11,United States,California
541170055,5,2023,11,United States,California
541172771,5,2023,10,Australia,Paris
541177820,5,2023,10,United Kingdom,Paris
541256602,4,2023,10,New Zealand,California
541284512,5,2023,11,United States,California
541285847,5,2023,11,Philippines,HongKong
541289547,4,2023,11,Hong Kong,HongKong
541293022,5,2023,11,United States,California
541293633,5,2023,11,United States,Paris
541301315,4,2023,11,Netherlands,Paris
541309946,5,2023,10,New Zealand,California
541345890,5,2023,11,Philippines,HongKong
541358288,4,2023,11,Australia,HongKong
541382519,3,2023,11,United Kingdom,Paris
541431350,1,2023,11,United States,California
541479355,5,2023,11,United Kingdom,Paris
541483602,5,2023,10,United Kingdom,HongKong
541485929,5,2023,11,Australia,HongKong
541487100,4,2023,11,Australia,HongKong
541531121,4,2023,11,Australia,HongKong
541547490,4,2023,11,Australia,HongKong
541577897,4,2023,11,Singapore,HongKong
541593660,4,2023,11,India,HongKong
541625079,4,2023,11,United Kingdom,Paris
541653342,3,2023,10,Austria,Paris
541683369,5,2023,11,Philippines,HongKong
541684202,3,2023,11,United States,HongKong
541684570,3,2023,10,Australia,California
541686149,5,2023,11,Australia,HongKong
541686784,4,2023,11,Australia,California
541743573,5,2023,6,United Arab Emirates,HongKong
541774235,4,2023,11,United Kingdom,Paris
541804712,4,2023,11,Philippines,HongKong
541821036,5,2023,11,United States,California
541824161,5,2023,11,United States,California
541839630,5,2023,10,New Zealand,California
541856696,5,2023,11,Singapore,HongKong
541863101,5,2023,11,United States,California
541895233,4,2023,10,India,HongKong
541903961,5,2023,10,United States,HongKong
541953418,5,2023,6,Australia,Paris
541984107,1,2023,11,Romania,Paris
542010086,3,2023,11,Netherlands,Paris
542030495,5,2023,11,United Kingdom,Paris
542034304,5,2023,11,Ireland,Paris
542055978,5,2023,11,United States,California
542078980,5,2023,6,United States,Paris
542111288,3,2023,11,Canada,HongKong
542172930,4,2023,11,Singapore,HongKong
542202431,5,2023,11,United Kingdom,HongKong
542239080,5,2023,11,Guatemala,California
542244640,4,2023,11,Canada,California
542287422,5,2023,11,New Zealand,HongKong
542306245,5,2023,11,United States,California
542307073,5,2023,11,United States,California
542322415,1,2023,11,Canada,California
542330658,4,2023,11,United States,California
542338795,5,2023,11,United States,California
542344112,5,2023,11,United States,California
542354004,5,2023,8,United States,California
542422728,4,2023,11,United Kingdom,HongKong
542446269,4,2023,8,India,California
542462247,3,2023,11,India,HongKong
542477378,5,2023,11,United States,California
542507978,5,2023,9,United States,California
542513734,5,2023,8,Australia,California
542514840,5,2023,11,Singapore,HongKong
542534979,5,2023,11,Canada,California
542547749,4,2023,11,United States,California
542548141,5,2023,11,Singapore,HongKong
542560414,2,2023,11,United Kingdom,Paris
542569402,4,2023,11,United Kingdom,Paris
542630532,5,2023,11,United Kingdom,Paris
542669617,4,2023,10,United States,California
542690186,4,2023,11,Ireland,California
542696674,5,2023,11,Ireland,Paris
542727823,1,2023,11,United States,California
542740347,4,2023,11,Australia,California
542761412,3,2023,10,Australia,California
542796190,5,2023,11,India,Paris
542828962,5,2023,5,Philippines,HongKong
542869168,4,2023,11,United States,California
542874304,5,2023,11,United States,California
542894993,5,2023,10,United States,California
542918193,5,2023,11,China,HongKong
542922042,4,2023,11,United Kingdom,HongKong
543004457,4,2023,6,Singapore,HongKong
543074511,5,2023,11,United States,California
543171109,3,2023,11,United States,California
543171720,4,2023,11,Ireland,Paris
543257984,5,2023,11,United States,California
543261690,4,2023,11,Singapore,HongKong
543262707,5,2023,11,Australia,HongKong
543318174,4,2023,11,United States,HongKong
543322293,5,2023,3,Malaysia,HongKong
543429795,4,2023,11,United States,Paris
543453228,5,2023,11,Australia,California
543475467,5,2023,11,Australia,California
543477363,4,2023,3,United States,California
543478909,5,2023,10,Peru,Paris
543491200,3,2023,11,Singapore,California
543515757,5,2023,11,United Kingdom,Paris
543568488,5,2023,6,United Kingdom,Paris
543609341,5,2023,11,United States,California
543618109,5,2023,11,United Kingdom,Paris
543679299,5,2023,11,United States,Paris
543698515,5,2023,8,Canada,California
543713991,4,2023,11,United States,Paris
543718136,5,2023,11,Czechia,California
543752458,4,2023,1,Indonesia,HongKong
543755995,5,2023,11,United States,Paris
543762282,5,2023,11,Malaysia,HongKong
543784661,5,2023,11,United States,HongKong
543927984,5,2023,11,United States,California
543937998,4,2023,11,Malaysia,HongKong
543946783,5,2023,4,India,Paris
543988304,4,2023,11,United Kingdom,Paris
544019871,5,2023,11,Singapore,HongKong
544029159,4,2023,11,Singapore,HongKong
544036784,5,2023,11,India,HongKong
544048260,5,2023,11,Philippines,HongKong
544124460,5,2023,11,Canada,California
544141605,4,2023,11,Singapore,HongKong
544272694,5,2023,11,Cyprus,Paris
544289569,4,2023,8,Australia,HongKong
544292483,5,2023,11,Canada,California
544299019,5,2023,11,United Kingdom,Paris
544303486,5,2023,11,United States,California
544317513,4,2023,11,United States,California
544327614,3,2023,11,Australia,HongKong
544329332,4,2023,11,United Kingdom,Paris
544332524,2,2023,10,United States,California
544358415,3,2023,6,Indonesia,HongKong
544381842,5,2023,11,India,HongKong
544399505,4,2023,11,India,California
544422559,4,2023,12,Singapore,HongKong
544433503,5,2023,12,United Kingdom,Paris
544469490,5,2023,11,United Kingdom,Paris
544520244,5,2023,11,United States,California
544626818,5,2023,3,United Arab Emirates,HongKong
544644074,3,2023,3,United Arab Emirates,Paris
544646905,4,2023,11,Philippines,HongKong
544655238,4,2023,11,India,HongKong
544682486,5,2023,11,United States,California
544747608,4,2023,12,United Kingdom,HongKong
544749513,5,2023,11,United States,Paris
544801875,5,2023,7,Canada,Paris
544824345,5,2023,8,United Kingdom,California
544826843,5,2023,12,Singapore,HongKong
544832679,5,2023,11,United Kingdom,Paris
544868769,5,2023,11,United Kingdom,Paris
544871135,3,2023,12,United Kingdom,Paris
544880410,5,2023,11,United States,California
544890199,5,2023,12,United Kingdom,Paris
544898952,5,2023,11,Philippines,HongKong
544917365,5,2023,12,United States,California
544930013,5,2023,7,India,HongKong
544939730,5,2023,12,United States,California
544941576,5,2023,10,New Zealand,California
544941931,4,2023,10,Oman,HongKong
544974228,5,2023,11,United Kingdom,Paris
545018359,5,2023,2,India,HongKong
545055849,5,2023,11,United Kingdom,Paris
545089173,3,2023,12,Singapore,HongKong
545119281,4,2023,12,United States,Paris
545126522,5,2023,12,United Kingdom,Paris
545136177,5,2023,12,United Kingdom,Paris
545136928,4,2023,11,New Zealand,California
545141102,3,2023,11,United Kingdom,Paris
545159530,5,2023,12,United States,HongKong
545170646,5,2023,12,Malaysia,HongKong
545189080,4,2023,11,Singapore,HongKong
545204013,5,2023,12,United Kingdom,Paris
545220998,5,2023,10,Australia,HongKong
545223651,5,2023,11,Australia,California
545285008,3,2023,12,Canada,California
545288875,4,2023,11,Singapore,HongKong
545316221,5,2023,7,Italy,California
545357971,5,2023,12,Australia,California
545366600,5,2023,9,Slovakia,Paris
545378452,5,2023,12,Australia,HongKong
545383261,5,2023,8,United States,California
545397832,5,2023,11,Philippines,HongKong
545397990,3,2023,12,Singapore,HongKong
545402517,5,2023,12,United States,California
545413551,5,2023,11,Turkey,Paris
545417882,1,2023,11,Philippines,HongKong
545423245,4,2023,11,India,HongKong
545475077,4,2023,12,United States,Paris
545564796,5,2023,12,United Kingdom,Paris
545569754,3,2023,11,United Kingdom,HongKong
545609835,2,2023,11,United States,Paris
545622562,1,2023,11,United States,California
545625359,3,2023,9,United States,Paris
545655738,5,2023,11,United States,California
545680334,5,2023,5,Vietnam,Paris
545680723,5,2023,12,United Kingdom,Paris
545704010,5,2023,12,United Kingdom,Paris
545825582,5,2023,11,United States,California
545849226,3,2023,12,United States,California
545852105,4,2023,12,Canada,California
545861380,3,2023,12,United States,California
545871876,4,2023,8,Kenya,HongKong
545881758,5,2023,11,Australia,HongKong
545882031,5,2023,1,India,HongKong
545885074,5,2023,11,United States,Paris
545908550,4,2023,12,United Kingdom,Paris
545984406,3,2023,12,Singapore,HongKong
546050451,4,2023,11,United States,California
546073697,4,2023,12,United Kingdom,HongKong
546098363,4,2023,12,United States,HongKong
546099512,5,2023,11,Singapore,HongKong
546114515,5,2023,11,Australia,California
546129946,5,2023,10,New Zealand,California
546130001,5,2023,12,United States,California
546136618,5,2023,12,Japan,California
546239773,3,2023,12,United Kingdom,Paris
546246159,1,2023,12,United Kingdom,Paris
546249132,5,2023,12,United States,California
546256755,1,2023,11,New Zealand,California
546287736,5,2023,12,United States,California
546321081,5,2023,12,Hong Kong,HongKong
546332534,5,2023,12,Thailand,HongKong
546382060,5,2023,11,United Kingdom,Paris
546386337,5,2023,11,United Kingdom,HongKong
546408228,5,2023,10,Philippines,HongKong
546430589,4,2023,1,United Kingdom,HongKong
546448035,5,2023,12,United Kingdom,Paris
546459347,5,2023,12,United Kingdom,California
546462801,5,2023,11,United States,California
546463890,5,2023,12,Portugal,Paris
546487327,5,2023,12,United States,California
546487356,5,2023,4,Indonesia,Paris
546500529,4,2023,12,Australia,HongKong
546506251,2,2023,12,United States,California
546526468,4,2023,12,Singapore,California
546590299,5,2023,11,United States,California
546604901,5,2023,12,Israel,Paris
546635895,5,2023,12,United States,California
546649589,5,2023,12,Portugal,Paris
546650203,2,2023,12,United States,California
546654021,4,2023,11,United States,California
546688838,3,2023,12,United Kingdom,Paris
546722626,5,2023,10,France,Paris
546726321,4,2023,12,Canada,California
546726408,4,2023,8,India,HongKong
546731679,5,2023,1,United States,California
546756532,5,2023,12,Singapore,HongKong
546791429,5,2023,10,United Kingdom,Paris
546820211,3,2023,12,Australia,HongKong
546853895,5,2023,12,Australia,California
546856153,4,2023,12,United States,California
546866287,5,2023,10,United Kingdom,Paris
546872510,3,2023,12,United States,Paris
546873675,4,2023,11,United Kingdom,Paris
546910275,5,2023,11,United States,California
546955537,3,2023,7,United Kingdom,Paris
546966882,5,2023,11,Mauritius,HongKong
547078024,4,2023,12,Australia,California
547084600,3,2023,12,Singapore,HongKong
547088468,5,2023,10,Australia,California
547093807,4,2023,11,United States,California
547097559,4,2023,11,New Zealand,HongKong
547165050,5,2023,12,Australia,California
547174215,5,2023,12,United Kingdom,Paris
547180676,4,2023,12,United Kingdom,HongKong
547184789,5,2023,12,United Kingdom,Paris
547200651,1,2023,12,United Kingdom,HongKong
547208029,5,2023,5,India,HongKong
547214744,4,2023,12,Singapore,California
547233302,4,2023,12,United Kingdom,Paris
547233600,5,2023,12,Greece,Paris
547244152,5,2023,12,United Kingdom,Paris
547247374,4,2023,12,United States,California
547259922,5,2023,12,United States,California
547273826,5,2023,12,Singapore,California
547280683,5,2023,12,India,HongKong
547325682,5,2023,12,Ireland,Paris
547353083,1,2023,11,United Kingdom,HongKong
547361262,4,2023,12,United Kingdom,Paris
547367670,4,2023,12,Malaysia,HongKong
547397695,5,2023,11,United Kingdom,Paris
547404936,5,2023,11,United States,California
547420050,5,2023,12,Singapore,California
547442630,5,2023,12,China,HongKong
547442844,5,2023,12,Australia,California
547467831,4,2023,12,United Kingdom,Paris
547479112,3,2023,12,United Kingdom,Paris
547503759,5,2023,12,Malaysia,Paris
547514046,4,2023,5,Australia,HongKong
547528497,5,2023,12,United Kingdom,Paris
547554407,5,2023,10,Hong Kong,HongKong
547587790,3,2023,12,Philippines,HongKong
547597306,5,2023,12,United Kingdom,Paris
547639307,4,2023,12,United Kingdom,Paris
547639677,3,2023,12,Thailand,HongKong
547661797,4,2023,12,Singapore,HongKong
547718478,5,2023,12,United Kingdom,Paris
547763755,5,2023,12,Canada,California
547936847,5,2023,12,United Kingdom,Paris
547938824,3,2023,12,United States,California
547951492,5,2023,12,Singapore,HongKong
547962952,4,2023,12,South Korea,California
547963659,5,2023,12,Qatar,HongKong
547964254,4,2023,12,Canada,California
547965548,5,2023,12,Australia,California
547974710,5,2023,12,Hong Kong,HongKong
547999441,1,2023,12,United Kingdom,Paris
548013384,5,2023,12,Ireland,HongKong
548031760,3,2023,12,Australia,California
548046528,5,2023,12,United Kingdom,Paris
548083523,5,2023,12,United States,California
548114647,5,2023,12,United Kingdom,Paris
548116901,2,2023,11,United Kingdom,HongKong
548131402,5,2023,9,Indonesia,HongKong
548141958,5,2023,6,United Arab Emirates,Paris
548167274,3,2023,12,United States,California
548183209,4,2023,9,Gibraltar,Paris
548193662,4,2023,12,Singapore,HongKong
548242979,5,2023,12,United Kingdom,Paris
548257883,4,2023,12,United Kingdom,Paris
548258236,5,2023,12,India,HongKong
548269539,5,2023,10,United States,Paris
548278407,5,2023,12,United Kingdom,Paris
548301664,4,2023,12,Sweden,HongKong
548308838,4,2023,10,Australia,California
548321908,5,2023,12,Australia,California
548342302,5,2023,12,Qatar,HongKong
548356977,5,2023,12,South Africa,HongKong
548418111,4,2023,12,United Kingdom,Paris
548418466,3,2023,12,United Kingdom,Paris
548442770,5,2023,12,United States,California
548454841,5,2023,7,United States,Paris
548470672,2,2023,10,Canada,California
548484357,5,2023,11,United States,California
548518644,3,2023,12,Malaysia,HongKong
548522126,4,2023,10,Hong Kong,HongKong
548524499,2,2023,12,United States,California
548525955,5,2023,12,India,HongKong
548535442,5,2023,12,Thailand,HongKong
548547417,5,2023,12,United Kingdom,Paris
548558556,5,2023,12,Singapore,California
548560996,5,2023,12,United Kingdom,Paris
548561593,5,2023,12,New Zealand,HongKong
548562666,3,2023,12,Australia,HongKong
548564466,4,2023,10,Philippines,HongKong
548633755,2,2023,12,Israel,Paris
548654917,5,2023,12,Estonia,HongKong
548661885,4,2023,11,United States,California
548682630,5,2023,12,United States,California
548687995,5,2023,12,United Kingdom,Paris
548700417,5,2023,12,United Kingdom,Paris
548720773,5,2023,2,Saudi Arabia,Paris
548759309,5,2023,12,Australia,HongKong
548759733,5,2023,12,Singapore,HongKong
548760323,4,2023,10,Australia,HongKong
548777237,3,2023,12,Indonesia,HongKong
548782993,4,2023,12,United States,HongKong
548783213,5,2023,12,United States,California
548829221,5,2023,1,India,HongKong
548862543,5,2023,12,United States,California
548867762,5,2023,12,United Kingdom,California
548880690,5,2023,7,Uganda,Paris
548881958,5,2023,12,United States,California
548894004,5,2023,11,Finland,HongKong
548924119,1,2023,12,Singapore,Paris
548926652,5,2023,12,United States,California
548932665,5,2023,12,United Kingdom,California
548934519,5,2023,12,United States,California
548943954,5,2023,12,South Africa,Paris
548955598,5,2023,12,Indonesia,HongKong
549020828,3,2023,12,France,Paris
549023809,5,2023,12,United States,HongKong
549036592,3,2023,12,United Kingdom,California
549053364,5,2023,12,United States,California
549074929,5,2023,12,United States,California
549103557,5,2023,12,Australia,HongKong
549107400,5,2023,12,Singapore,HongKong
549117467,5,2023,10,United States,California
549156823,5,2023,12,Australia,California
549177357,5,2023,11,New Zealand,California
549188273,1,2023,12,Norway,Paris
549206396,5,2023,12,Indonesia,HongKong
549217790,5,2023,11,Philippines,HongKong
549226495,5,2023,12,United Kingdom,Paris
549240534,4,2023,12,Australia,HongKong
549260423,4,2023,12,United Kingdom,Paris
549275479,1,2023,12,Australia,HongKong
549304343,4,2023,4,India,Paris
549308181,5,2023,12,Taiwan,HongKong
549334450,5,2023,12,United States,California
549347032,5,2023,12,United Kingdom,Paris
549364578,5,2023,12,Malaysia,HongKong
549368662,2,2023,12,United Kingdom,Paris
549368908,5,2023,12,United States,California
549379908,4,2023,12,Australia,California
549388404,5,2023,12,Singapore,HongKong
549395098,5,2023,12,United States,HongKong
549396071,4,2023,12,Canada,California
549396426,3,2023,12,United States,California
549409933,5,2023,11,United States,California
549417820,5,2023,12,India,HongKong
549418843,4,2023,12,Singapore,HongKong
549428085,4,2023,12,Singapore,HongKong
549433535,3,2023,12,Ireland,Paris
549441779,5,2023,12,Singapore,HongKong
549444633,4,2023,12,New Zealand,Paris
549469840,4,2023,12,Canada,California
549487783,5,2023,12,Singapore,HongKong
549535859,3,2023,12,United States,Paris
549558706,4,2023,12,United States,Paris
549576615,5,2023,12,United States,HongKong
549579084,4,2023,1,South Africa,HongKong
549592069,4,2023,12,United States,California
549600007,5,2023,12,United States,California
549605678,5,2023,12,United States,California
549615889,3,2023,12,Canada,California
549617754,5,2023,12,United States,California
549624328,5,2023,12,Thailand,HongKong
549625493,3,2023,11,Australia,HongKong
549628115,5,2023,12,Australia,HongKong
549629304,1,2023,12,Australia,California
549640936,5,2023,12,India,HongKong
549646375,5,2023,12,Australia,California
549716382,5,2023,12,United Kingdom,Paris
549742935,3,2023,12,Russia,HongKong
549778561,5,2023,12,United States,California
549792508,5,2023,5,United Kingdom,HongKong
549793215,4,2023,12,United States,California
549794729,2,2023,12,United States,Paris
549799687,3,2023,12,United Kingdom,Paris
549819120,2,2023,12,United States,Paris
549827278,5,2023,12,Australia,California
549831732,5,2023,12,Netherlands,Paris
549835360,5,2023,12,Philippines,HongKong
549836408,5,2023,12,United Kingdom,Paris
549842579,3,2023,6,Australia,HongKong
549844616,4,2023,12,Malaysia,HongKong
549850798,5,2023,12,United States,California
549853620,3,2023,12,Australia,HongKong
549859786,5,2023,2,Australia,HongKong
549861025,5,2023,12,India,HongKong
549910735,4,2023,12,India,HongKong
549917482,5,2023,12,France,HongKong
549926034,5,2023,12,India,HongKong
549941726,3,2023,12,Malaysia,HongKong
549986465,5,2023,12,New Zealand,Paris
549996806,5,2023,12,United States,California
550010237,3,2023,12,United Kingdom,Paris
550037464,5,2023,12,United States,California
550045193,4,2023,12,United States,California
550064142,5,2023,12,United Kingdom,Paris
550078916,5,2023,11,Canada,California
550080488,1,2023,12,United States,California
550096383,3,2023,12,Canada,California
550105058,5,2023,12,United States,California
550105585,5,2023,12,United Kingdom,HongKong
550124765,5,2023,12,India,HongKong
550130613,5,2023,12,United Kingdom,Paris
550157811,1,2023,12,United Kingdom,Paris
550159336,4,2023,12,Malaysia,HongKong
550163076,5,2023,12,Philippines,HongKong
550163914,5,2023,12,United Kingdom,Paris
550180145,4,2023,12,Malaysia,HongKong
550185288,5,2023,12,Canada,HongKong
550196063,3,2023,12,Singapore,HongKong
550196436,4,2023,12,United States,California
550197802,2,2023,1,United States,California
550227649,5,2023,12,Greece,Paris
550236916,4,2023,12,United States,California
550240121,5,2023,12,United Kingdom,Paris
550259299,4,2023,12,United Kingdom,Paris
550284422,5,2023,12,Australia,California
550289876,3,2023,12,Thailand,HongKong
550291042,4,2023,12,United Kingdom,Paris
550349184,5,2023,12,Australia,HongKong
550408154,5,2023,12,United Kingdom,Paris
550410745,5,2023,12,Lebanon,Paris
550441249,1,2023,12,United Kingdom,Paris
550446747,5,2023,12,United Kingdom,Paris
550459937,3,2023,11,Singapore,HongKong
550496755,5,2023,1,United States,California
550498936,5,2023,12,United Kingdom,Paris
550518245,5,2023,11,Singapore,HongKong
550518425,5,2023,12,Spain,HongKong
550525728,5,2024,1,United States,California
550527774,5,2023,12,Switzerland,HongKong
550532535,4,2024,1,New Zealand,California
550552065,4,2023,12,Australia,HongKong
550565659,4,2023,10,Singapore,HongKong
550573871,4,2023,12,United States,HongKong
550586322,3,2023,12,United Kingdom,California
550599343,5,2023,12,Singapore,HongKong
550601637,5,2024,1,United Kingdom,HongKong
550611933,4,2023,12,United Kingdom,Paris
550622692,5,2024,1,Australia,HongKong
550658395,5,2023,12,Australia,HongKong
550696181,2,2023,12,United Kingdom,Paris
550707768,3,2023,10,United Kingdom,Paris
550719634,4,2023,12,United Kingdom,Paris
550764906,5,2023,8,New Zealand,California
550776159,5,2023,2,Indonesia,HongKong
550792322,5,2023,12,Indonesia,HongKong
550817846,4,2023,12,United Kingdom,Paris
550827294,3,2023,12,Netherlands,Paris
550838351,4,2023,12,Australia,HongKong
550857455,4,2023,12,Indonesia,HongKong
550872341,5,2023,12,Denmark,Paris
550889500,5,2023,12,United Kingdom,Paris
550910972,4,2023,10,United Kingdom,HongKong
550939357,5,2023,12,Malta,Paris
550947509,5,2024,1,United Kingdom,Paris
550953736,2,2024,1,Guatemala,California
550956166,4,2023,12,United States,California
550966798,5,2023,12,United Kingdom,Paris
550974777,5,2024,1,United Kingdom,Paris
551010041,5,2023,12,Australia,California
551015162,5,2023,12,Australia,California
551035912,5,2024,1,Canada,California
551041410,5,2023,12,United States,California
551050172,3,2023,12,United Kingdom,Paris
551059306,5,2024,1,Australia,California
551129906,5,2024,1,United Kingdom,HongKong
551135021,5,2023,12,United Kingdom,Paris
551168079,3,2024,1,United Kingdom,Paris
551169944,5,2023,6,Indonesia,Paris
551176948,5,2024,1,Australia,California
551186469,4,2023,12,United Kingdom,Paris
551201394,3,2023,12,Japan,HongKong
551208746,5,2023,12,United Kingdom,Paris
551219143,4,2023,12,United Kingdom,Paris
551228497,5,2024,1,United Kingdom,Paris
551230163,5,2023,10,United States,Paris
551257565,5,2023,8,Chile,Paris
551258170,4,2023,12,United States,California
551263873,1,2023,12,United Kingdom,Paris
551265931,4,2023,6,United States,California
551278756,4,2023,12,United States,California
551281843,5,2023,12,United States,California
551284061,3,2023,12,United States,Paris
551290660,5,2023,12,Australia,HongKong
551312358,5,2023,12,United States,California
551332309,5,2024,1,United States,California
551336148,4,2024,1,Hong Kong,HongKong
551343884,4,2023,12,Australia,California
551344317,5,2024,1,United States,California
551348630,5,2023,12,Malaysia,HongKong
551348646,5,2023,12,United Kingdom,HongKong
551350583,5,2023,12,United States,California
551364090,5,2023,12,Kenya,HongKong
551371494,4,2023,12,Australia,HongKong
551384418,3,2023,12,Singapore,HongKong
551393987,4,2024,1,Macau,HongKong
551424786,1,2024,1,Bahrain,Paris
551428456,4,2024,1,United Kingdom,HongKong
551444203,1,2024,1,United Kingdom,Paris
551448967,4,2023,9,Germany,Paris
551457690,5,2023,10,Thailand,HongKong
551460728,5,2024,1,Ireland,Paris
551482122,2,2023,12,United Kingdom,Paris
551502227,5,2023,7,United Kingdom,Paris
551575298,5,2024,1,United Kingdom,Paris
551583194,5,2023,9,United States,California
551589425,5,2023,12,United States,California
551608778,3,2024,1,Australia,HongKong
551620537,1,2024,1,United States,California
551632498,4,2023,12,United States,California
551652673,3,2024,1,United States,California
551665785,3,2023,12,United States,California
551677528,5,2024,1,United States,California
551680483,4,2023,12,India,HongKong
551681349,5,2023,12,India,HongKong
551704960,3,2023,12,Australia,HongKong
551746933,5,2023,10,Australia,HongKong
551763378,5,2023,12,United States,California
551794244,2,2024,1,Israel,California
551812769,4,2023,12,United States,California
551858612,4,2023,12,Australia,HongKong
551860470,5,2023,12,Australia,HongKong
551872358,4,2023,12,United States,California
551893127,2,2024,1,United States,California
551898881,5,2023,12,Canada,HongKong
551906346,5,2023,12,Australia,California
551912781,4,2023,5,Indonesia,HongKong
551946037,5,2023,12,Indonesia,HongKong
551989207,5,2023,10,India,HongKong
552014069,2,2023,12,United States,California
552014390,3,2023,12,United States,California
552031094,5,2023,12,United States,California
552043617,4,2023,11,United States,California
552063520,4,2024,1,Australia,California
552071990,5,2024,1,United States,California
552073250,5,2023,12,United Kingdom,Paris
552092610,5,2023,4,Aruba,California
552110933,3,2024,1,Australia,California
552111145,5,2023,12,Japan,HongKong
552111393,4,2023,12,Australia,HongKong
552114559,5,2023,12,United States,California
552116630,3,2023,12,Australia,California
552117912,4,2023,12,United Kingdom,Paris
552118274,5,2024,1,Australia,Paris
552127790,5,2024,1,Canada,California
552176372,3,2024,1,United Kingdom,Paris
552191348,5,2023,7,Japan,California
552210213,4,2024,1,India,HongKong
552226711,2,2024,1,United States,California
552236430,4,2023,9,United Arab Emirates,HongKong
552237354,5,2024,1,Australia,California
552249569,5,2024,1,United Kingdom,Paris
552269181,4,2023,8,United Kingdom,Paris
552286223,4,2024,1,United States,California
552304296,5,2023,12,Indonesia,HongKong
552307125,5,2024,1,United Kingdom,Paris
552307632,1,2024,1,United States,California
552310548,5,2024,1,United Kingdom,Paris
552344521,1,2024,1,Australia,California
552346206,5,2024,1,Singapore,HongKong
552356865,5,2024,1,United Arab Emirates,HongKong
552360652,5,2023,4,India,California
552364742,5,2024,1,United States,California
552365374,5,2024,1,Australia,California
552383355,5,2023,12,United Kingdom,Paris
552439705,5,2023,12,Australia,California
552545441,5,2023,12,United States,California
552550969,3,2024,1,United Kingdom,Paris
552552993,5,2024,1,United States,California
552558433,4,2023,12,Greece,HongKong
552558674,5,2023,12,United States,California
552564200,4,2023,12,United States,Paris
552565309,5,2023,2,New Zealand,California
552586453,5,2024,1,United States,California
552602874,3,2024,1,Canada,California
552616019,3,2024,1,United States,California
552628833,5,2024,1,United Kingdom,Paris
552659279,5,2024,1,United Arab Emirates,HongKong
552671685,4,2023,9,India,Paris
552673767,5,2024,1,India,HongKong
552737770,3,2024,1,Canada,California
552763761,4,2024,1,United States,HongKong
552771925,4,2023,11,United Kingdom,HongKong
552778627,3,2024,1,United States,California
552791671,5,2023,8,Canada,California
552813013,4,2023,12,United Kingdom,HongKong
552816725,4,2024,1,United States,California
552818768,3,2023,11,United States,California
552826760,5,2023,8,Philippines,HongKong
552833123,5,2023,12,Indonesia,HongKong
552843675,5,2024,1,Indonesia,HongKong
552847625,5,2023,12,United States,California
552873136,5,2023,8,Mauritius,Paris
552886449,4,2024,1,United Kingdom,Paris
552904114,5,2023,2,India,HongKong
552931534,5,2024,1,Netherlands,Paris
552936264,4,2023,12,United States,California
553007537,4,2023,11,United States,California
553084954,1,2024,1,Belgium,Paris
553086728,5,2023,12,Malaysia,HongKong
553165452,5,2024,1,New Zealand,HongKong
553216391,5,2024,1,India,California
553231439,5,2023,12,United States,California
553238225,5,2023,8,United States,California
553258714,5,2023,12,Malaysia,Paris
553279907,5,2023,12,Canada,California
553283993,4,2024,1,Indonesia,HongKong
553288400,5,2024,1,Australia,California
553301728,5,2023,7,Australia,Paris
553343230,4,2023,12,Saudi Arabia,HongKong
553344063,4,2024,1,Australia,Paris
553382322,4,2024,1,United Arab Emirates,HongKong
553415364,5,2023,12,United States,California
553423511,5,2024,1,Portugal,Paris
553428643,5,2024,1,United Kingdom,Paris
553432976,2,2024,1,Australia,California
553433736,5,2023,10,Canada,California
553448273,5,2024,1,Australia,HongKong
553450312,5,2023,12,United States,California
553456240,5,2024,1,Australia,California
553464424,5,2024,1,United States,California
553471459,2,2024,1,United States,California
553472210,5,2024,1,Ukraine,HongKong
553481173,4,2024,1,United Arab Emirates,Paris
553486979,3,2024,1,Canada,California
553498454,4,2023,12,Indonesia,HongKong
553525466,1,2023,11,United Kingdom,Paris
553556940,5,2023,4,United States,California
553571406,4,2023,9,United States,California
553577042,3,2024,1,United Kingdom,HongKong
553583257,4,2024,1,United States,California
553606304,5,2024,1,Ireland,Paris
553642883,4,2023,10,United States,California
553679137,5,2024,1,India,HongKong
553706925,4,2023,12,United Kingdom,HongKong
553719062,5,2024,1,United Kingdom,Paris
553738758,5,2024,1,United States,California
553742339,5,2024,1,Indonesia,HongKong
553759970,4,2024,1,Australia,California
553801574,5,2024,1,Qatar,California
553820722,5,2023,12,United Kingdom,Paris
553823660,5,2024,1,United Kingdom,Paris
553840073,5,2023,5,United Kingdom,Paris
553851629,4,2024,1,Australia,HongKong
553862918,3,2023,12,Australia,HongKong
553873122,5,2023,8,Australia,Paris
553882202,5,2023,9,Thailand,Paris
553905091,4,2024,1,Australia,Paris
553983874,5,2024,1,Turkey,HongKong
553996021,5,2023,12,United States,California
554064408,5,2024,1,United States,California
554065542,2,2024,1,Canada,California
554081359,4,2024,1,Australia,California
554110607,5,2024,1,United States,California
554154922,3,2024,1,Singapore,HongKong
554161760,5,2024,1,United Kingdom,Paris
554174286,2,2024,1,United States,California
554183292,4,2023,6,Indonesia,HongKong
554192529,5,2024,1,Canada,California
554203353,5,2024,1,Ireland,Paris
554234264,5,2024,1,Canada,California
554303526,1,2023,12,United States,California
554314123,5,2024,1,United States,HongKong
554317093,2,2024,1,United States,California
554322352,5,2023,12,Mexico,California
554327336,2,2023,11,Singapore,HongKong
554328826,4,2024,1,Canada,HongKong
554343160,4,2023,12,Australia,Paris
554348046,4,2024,1,Netherlands,Paris
554408607,5,2024,1,United Kingdom,Paris
554422307,3,2023,4,United States,California
554437297,3,2024,1,United States,California
554456441,5,2024,1,Australia,California
554461128,5,2023,12,Mexico,California
554472943,5,2024,1,United Kingdom,Paris
554486305,4,2024,1,Poland,California
554486764,2,2024,1,Canada,California
554502465,4,2024,1,Singapore,HongKong
554513596,5,2023,12,Taiwan,HongKong
554525329,4,2023,12,Indonesia,HongKong
554539012,4,2024,1,Australia,California
554546846,5,2023,7,United Kingdom,Paris
554584912,5,2023,3,India,HongKong
554595139,5,2024,1,United Kingdom,Paris
554621487,5,2023,11,United Kingdom,Paris
554630859,4,2023,12,United Arab Emirates,Paris
554677379,5,2023,12,Australia,California
554684214,1,2023,1,United States,California
554700561,5,2024,1,New Zealand,California
554782369,5,2024,1,United Kingdom,Paris
554808142,2,2023,12,United Kingdom,Paris
554838553,5,2023,12,United Kingdom,Paris
554852779,5,2024,1,Saudi Arabia,HongKong
554856633,5,2024,1,Australia,HongKong
554865259,5,2023,11,Australia,California
554869804,5,2023,12,Indonesia,HongKong
554897836,5,2024,1,India,HongKong
554899226,5,2024,1,India,HongKong
554909013,5,2023,9,Australia,California
554927182,4,2023,4,Cyprus,Paris
554930183,4,2024,1,United Kingdom,Paris
554963118,5,2024,1,Portugal,Paris
555006969,5,2023,12,Thailand,Paris
555053913,3,2024,1,Australia,HongKong
555067485,5,2024,1,India,HongKong
555067718,4,2024,1,Australia,Paris
555070442,5,2023,12,Australia,California
555089341,3,2023,12,Singapore,California
555100109,4,2024,1,Australia,California
555168045,5,2023,8,Canada,California
555175669,5,2024,1,United Kingdom,Paris
555176924,5,2024,1,Australia,California
555204939,5,2024,1,Australia,California
555249018,5,2024,1,Australia,HongKong
555265057,3,2024,1,United States,California
555276114,5,2023,12,Canada,California
555280549,5,2024,1,United States,California
555285349,5,2024,1,Australia,California
555291991,5,2023,9,United States,California
555292429,3,2023,12,United States,Paris
555299358,5,2024,1,Canada,California
555303132,5,2023,12,United States,California
555305735,5,2023,12,United States,California
555308646,5,2023,11,India,HongKong
555310310,4,2024,1,United States,California
555318312,5,2023,12,Indonesia,HongKong
555319878,5,2023,6,Myanmar (Burma),HongKong
555322378,5,2023,2,United States,California
555343342,4,2024,1,Australia,California
555353505,5,2023,12,United States,Paris
555357427,4,2024,1,Singapore,HongKong
555358380,5,2024,1,Macau,HongKong
555364637,5,2024,1,Indonesia,HongKong
555386149,5,2023,7,Kuwait,Paris
555396651,5,2023,12,Turkey,Paris
555402268,4,2023,2,United States,California
555415104,2,2024,1,United Kingdom,Paris
555454669,4,2023,12,South Africa,HongKong
555471607,4,2024,1,Philippines,HongKong
555486328,5,2023,8,United States,California
555496256,5,2024,1,United States,California
555496730,2,2023,12,United Kingdom,California
555498581,4,2023,12,United States,California
555506853,3,2023,12,United States,California
555527661,4,2024,1,Australia,Paris
555555971,5,2024,1,United Kingdom,Paris
555558864,4,2024,1,United States,California
555566084,5,2024,1,United States,Paris
555578560,5,2024,1,United States,California
555590424,5,2024,1,United States,Paris
555594664,5,2023,12,United States,California
555605493,5,2023,12,United States,California
555667354,5,2024,1,United Kingdom,Paris
555677647,5,2023,10,Australia,California
555680486,3,2023,12,United Kingdom,California
555700201,4,2024,1,United Kingdom,HongKong
555723927,4,2024,1,United States,HongKong
555724593,5,2024,1,Australia,California
555729065,5,2023,12,United Kingdom,Paris
555736876,5,2023,12,Philippines,California
555746467,4,2023,10,Vietnam,California
555787849,5,2024,1,India,HongKong
555792090,4,2023,12,United Kingdom,Paris
555814792,5,2023,12,India,HongKong
555848329,3,2024,1,Singapore,HongKong
555923462,5,2024,1,United States,California
555923523,4,2024,1,United Kingdom,Paris
555975200,3,2024,1,United States,California
555995460,3,2024,1,United Kingdom,California
556002412,5,2024,1,United States,Paris
556002961,4,2024,1,United States,California
556004064,4,2023,11,Hong Kong,HongKong
556004083,4,2024,1,United States,California
556004101,5,2024,1,Australia,HongKong
556014621,5,2023,9,United States,HongKong
556021707,4,2023,11,Malaysia,HongKong
556022663,5,2023,12,United States,California
556024736,1,2024,1,Australia,Paris
556102752,4,2023,12,Philippines,HongKong
556110265,5,2024,1,Canada,California
556147714,5,2024,1,United Kingdom,Paris
556156062,5,2023,4,United Kingdom,Paris
556206507,4,2024,1,Australia,HongKong
556219170,5,2023,6,United States,California
556223278,3,2023,4,Philippines,HongKong
556224767,4,2024,1,South Africa,HongKong
556231886,5,2024,1,United States,HongKong
556239157,5,2023,6,Bangladesh,California
556256700,4,2024,1,Philippines,HongKong
556259005,4,2024,1,India,Paris
556269016,5,2023,11,United Kingdom,Paris
556287703,5,2024,1,Malaysia,California
556311509,4,2024,1,Australia,California
556325091,3,2024,1,United States,California
556332856,5,2024,1,Philippines,HongKong
556334446,5,2024,1,United Kingdom,Paris
556359323,3,2024,1,United States,California
556405361,5,2024,1,Australia,California
556414565,4,2024,1,United Kingdom,HongKong
556437406,5,2024,1,Malaysia,HongKong
556473736,4,2024,1,Peru,California
556557933,4,2023,11,Sri Lanka,Paris
556562027,5,2023,12,Australia,California
556572189,1,2023,2,United States,California
556636288,4,2024,1,Australia,California
556647315,5,2024,1,Philippines,HongKong
556691924,5,2024,1,United Kingdom,Paris
556701717,1,2023,6,United Kingdom,Paris
556704533,5,2024,1,United States,California
556705840,2,2024,1,Canada,California
556723079,5,2024,1,Ireland,Paris
556729466,5,2024,1,France,Paris
556745276,4,2024,1,United States,California
556759859,5,2024,1,United States,California
556761662,5,2023,12,United States,California
556775046,4,2024,1,India,HongKong
556775826,2,2023,12,Czechia,California
556794658,5,2023,6,New Zealand,California
556831589,5,2024,1,Philippines,HongKong
556831717,5,2024,1,India,HongKong
556865329,5,2023,3,United Kingdom,Paris
556870159,4,2024,1,United States,California
556892628,5,2024,1,Romania,HongKong
556903862,5,2024,1,United Kingdom,Paris
556963558,5,2024,1,Australia,California
556965362,2,2024,1,Australia,California
556965662,5,2024,1,United Kingdom,Paris
556976625,2,2024,1,Australia,California
556993144,4,2023,9,Canada,California
557050688,5,2023,12,United Kingdom,California
557068386,5,2024,1,United Kingdom,Paris
557190692,4,2023,2,United Kingdom,HongKong
557219807,5,2023,11,United States,California
557236807,4,2024,1,United States,California
557241129,5,2024,1,Australia,California
557265503,3,2023,3,United Kingdom,California
557272260,3,2024,1,United Kingdom,Paris
557274893,5,2023,12,Indonesia,HongKong
557284576,5,2023,12,Australia,Paris
557286674,5,2023,2,India,Paris
557299083,5,2024,1,South Africa,HongKong
557301552,4,2024,1,United Kingdom,Paris
557333354,3,2023,12,United States,HongKong
557335225,5,2024,1,Israel,Paris
557399746,5,2024,1,United Kingdom,Paris
557434950,5,2023,12,Vietnam,HongKong
557452824,5,2023,2,India,HongKong
557455973,5,2024,1,Australia,HongKong
557644675,5,2024,1,Australia,HongKong
557645462,5,2024,1,United States,Paris
557645467,5,2024,1,Australia,HongKong
557692260,4,2024,1,Australia,HongKong
557779953,3,2024,1,United Kingdom,Paris
557815212,5,2024,1,United States,California
557858384,3,2023,12,United States,California
557876697,4,2024,1,United Kingdom,Paris
557913913,5,2023,3,Iceland,California
557923797,4,2024,2,Canada,California
557953207,5,2024,1,United States,California
557956092,5,2023,4,United Kingdom,Paris
557957025,5,2023,11,Canada,California
557963050,4,2024,1,United States,California
557964343,5,2024,1,United Kingdom,Paris
557984077,5,2024,1,United States,California
558000357,4,2024,2,New Zealand,HongKong
558004159,4,2024,1,New Zealand,California
558008718,5,2024,2,United States,California
558010723,4,2024,1,Malaysia,Paris
558053759,4,2024,1,Germany,HongKong
558058104,3,2024,2,Hong Kong,HongKong
558124383,2,2024,1,United States,California
558125436,5,2023,8,Pakistan,HongKong
558159540,5,2023,12,Greece,California
558217789,5,2023,9,United States,California
558294848,4,2024,1,United States,California
558366685,5,2024,2,Canada,California
558373901,5,2024,2,United States,California
558381150,5,2024,1,United Kingdom,Paris
558382621,5,2023,12,China,Paris
558401801,3,2023,3,United States,Paris
558417587,4,2024,2,South Korea,HongKong
558481086,5,2023,12,Botswana,California
558492139,4,2023,4,New Zealand,California
558494647,5,2023,11,Canada,California
558551028,5,2024,2,United Kingdom,Paris
558569578,5,2023,8,United Kingdom,Paris
558578456,5,2024,1,India,Paris
558624037,4,2023,10,United States,California
558643424,3,2024,2,Australia,HongKong
558679797,4,2024,2,United States,California
558680389,5,2024,2,United States,California
558702543,5,2024,2,Philippines,HongKong
558778555,2,2024,2,United Kingdom,California
558908556,4,2024,2,United States,California
558924269,5,2023,11,United States,HongKong
558932183,4,2023,7,India,HongKong
558933435,4,2024,1,United States,California
558937927,4,2023,3,Malaysia,HongKong
558940615,4,2024,2,Malaysia,HongKong
558956684,4,2023,7,India,HongKong
559048277,4,2024,2,Canada,California
559058968,5,2023,4,Indonesia,HongKong
559083327,5,2023,7,United States,California
559105394,4,2023,12,Canada,HongKong
559123511,5,2024,2,United States,California
559140109,3,2024,1,United Kingdom,HongKong
559160490,4,2023,12,Singapore,HongKong
559252967,5,2024,1,United States,California
559269872,5,2024,2,United States,California
559297000,4,2024,2,United States,California
559304383,3,2023,12,Malaysia,HongKong
559314911,5,2024,1,Malaysia,HongKong
559330174,5,2024,2,United Kingdom,Paris
559331216,4,2023,3,United Kingdom,Paris
559347044,4,2024,2,Indonesia,HongKong
559408286,4,2024,2,Israel,HongKong
559415734,5,2023,12,Indonesia,HongKong
559433438,3,2024,2,Singapore,HongKong
559437402,5,2024,2,India,HongKong
559449369,4,2024,1,United States,California
559494222,3,2024,2,United States,HongKong
559505090,4,2024,1,New Zealand,HongKong
559549185,4,2024,2,Philippines,HongKong
559555035,2,2024,2,United Kingdom,Paris
559581599,4,2024,2,United States,California
559606674,5,2024,2,India,HongKong
559632615,5,2024,2,United States,California
559638643,5,2024,1,United States,California
559677854,4,2023,10,Philippines,HongKong
559690127,3,2024,2,United Kingdom,Paris
559694114,5,2024,1,New Zealand,HongKong
559715044,4,2024,1,Hong Kong,HongKong
559719638,1,2024,2,United States,California
559723921,5,2024,1,New Zealand,HongKong
559732847,5,2024,1,Malta,Paris
559734091,3,2024,2,United Kingdom,Paris
559768819,4,2024,2,Argentina,Paris
559785622,5,2024,2,United Kingdom,Paris
559817590,5,2023,10,Canada,California
559822132,4,2024,2,United Kingdom,Paris
559837535,4,2024,2,Belgium,Paris
559848239,3,2024,1,United States,Paris
559882342,4,2024,2,Australia,Paris
559882472,2,2024,2,United States,California
559890256,5,2024,1,Australia,California
559896417,5,2024,2,United States,California
559900795,5,2024,1,Canada,California
559929690,5,2024,2,Canada,California
559972070,3,2024,2,Thailand,HongKong
559978600,3,2023,4,South Africa,HongKong
560027197,5,2024,2,United States,California
560034580,4,2024,2,Hong Kong,HongKong
560074912,5,2024,2,Ireland,Paris
560092101,3,2024,2,Canada,California
560103072,4,2024,2,Singapore,California
560104889,5,2023,12,United States,California
560119137,3,2024,2,United Kingdom,HongKong
560126972,5,2024,2,Malaysia,HongKong
560127288,5,2023,10,United Kingdom,Paris
560136462,4,2024,2,United Kingdom,Paris
560136622,5,2024,2,United States,California
560145638,2,2024,2,United States,California
560160910,5,2023,10,Singapore,HongKong
560181182,1,2024,2,United Kingdom,Paris
560272240,5,2024,2,United States,California
560281161,5,2024,2,United Kingdom,Paris
560299571,4,2024,1,United States,California
560302952,4,2023,12,Finland,Paris
560372540,5,2023,10,Australia,California
560387468,5,2024,2,Australia,California
560429558,4,2024,2,United Arab Emirates,California
560442021,5,2024,2,United States,California
560455522,1,2024,2,Australia,HongKong
560457151,5,2024,2,United States,California
560468452,4,2024,2,United Kingdom,Paris
560550917,4,2023,9,Singapore,California
560552306,2,2024,2,United States,California
560554872,2,2024,2,United States,California
560569928,3,2023,3,Vietnam,HongKong
560596771,1,2024,1,United Kingdom,Paris
560621371,5,2024,2,United Kingdom,Paris
560680936,5,2024,2,United States,California
560685299,3,2024,2,Ireland,Paris
560692578,5,2024,2,Canada,California
560722080,5,2023,3,Sweden,HongKong
560728195,3,2024,2,Italy,Paris
560732595,5,2024,2,Canada,California
560742867,5,2023,3,Canada,California
560766866,3,2024,2,United Kingdom,Paris
560784966,5,2024,2,United Kingdom,Paris
560809506,5,2024,2,United Kingdom,Paris
560829232,5,2024,2,India,HongKong
560851065,4,2024,2,United States,Paris
560857214,5,2023,4,Switzerland,Paris
560904488,4,2024,2,United States,California
560907737,4,2024,2,United Kingdom,Paris
560926285,5,2023,3,Ireland,Paris
560956841,4,2024,2,Russia,HongKong
560965536,5,2023,11,United Kingdom,Paris
560967707,5,2023,6,Slovakia,California
560997701,4,2023,12,Barbados,Paris
561000533,3,2023,7,United Arab Emirates,Paris
561008855,1,2024,2,Jersey,Paris
561042867,5,2024,2,United Kingdom,Paris
561046824,4,2024,2,United Kingdom,Paris
561064503,4,2023,10,United States,HongKong
561065634,4,2024,2,United Kingdom,Paris
561072765,1,2024,2,United Kingdom,Paris
561086713,5,2024,2,United States,California
561094705,5,2024,2,United Kingdom,Paris
561114590,4,2024,2,Indonesia,HongKong
561118343,5,2024,2,Canada,California
561127024,5,2024,2,Canada,California
561131784,4,2024,1,United States,California
561135953,5,2024,2,United States,California
561148624,4,2024,2,United States,Paris
561148674,4,2024,2,Singapore,California
561154731,5,2024,2,United Kingdom,Paris
561188669,5,2023,9,United Kingdom,Paris
561202250,4,2024,2,United States,HongKong
561214790,4,2024,2,United Kingdom,Paris
561216588,5,2024,2,United Kingdom,Paris
561222256,5,2024,2,United Kingdom,Paris
561246076,4,2024,2,United States,California
561250988,5,2023,9,Germany,Paris
561285405,5,2024,2,United Kingdom,Paris
561292863,3,2024,2,United Kingdom,Paris
561297162,5,2024,2,Canada,California
561309814,5,2024,2,United Kingdom,Paris
561314669,4,2024,2,India,HongKong
561346984,5,2023,8,Canada,California
561348837,5,2024,2,United States,California
561391840,4,2024,2,Singapore,Paris
561434434,5,2024,2,Malta,Paris
561436963,5,2024,2,United Kingdom,Paris
561512742,2,2024,2,United Kingdom,Paris
561514055,5,2024,2,United Kingdom,Paris
561541218,5,2024,2,United States,California
561552652,4,2024,2,South Africa,Paris
561556482,4,2024,2,United Kingdom,Paris
561563284,5,2023,7,United States,California
561568404,5,2024,2,Australia,California
561608858,5,2024,2,United Kingdom,Paris
561611449,5,2024,2,United States,California
561618480,5,2024,2,Canada,California
561624419,5,2024,1,Malaysia,Paris
561646644,5,2023,10,Australia,California
561781793,4,2023,3,United States,California
561791507,5,2024,2,United States,California
561792620,5,2024,2,United Kingdom,Paris
561793532,5,2024,2,United Kingdom,Paris
561802441,5,2024,2,United States,California
561816890,5,2024,2,Australia,California
561839734,3,2024,2,United Kingdom,Paris
561880885,4,2024,2,Hong Kong,HongKong
561922261,4,2024,2,United Kingdom,Paris
561931829,5,2024,2,United Kingdom,HongKong
561983378,5,2024,2,United Kingdom,Paris
561983705,2,2024,1,United Kingdom,California
561990598,5,2024,2,United Kingdom,Paris
561995531,2,2024,2,United Kingdom,Paris
562015004,3,2024,2,New Zealand,California
562039745,5,2023,11,New Zealand,California
562043526,1,2023,8,United Arab Emirates,California
562047949,5,2024,2,United Kingdom,California
562059565,2,2024,2,United Kingdom,Paris
562064465,4,2024,2,United Kingdom,Paris
562072921,4,2024,2,Australia,California
562094576,5,2023,3,United Kingdom,Paris
562130515,5,2024,2,United States,HongKong
562177877,1,2024,2,Australia,Paris
562179887,5,2024,2,United Kingdom,Paris
562182812,4,2024,2,United Kingdom,Paris
562183597,5,2023,10,United Kingdom,Paris
562193594,1,2024,2,United States,California
562197712,5,2024,2,United States,California
562200823,5,2024,2,Canada,California
562215844,4,2023,12,Hong Kong,HongKong
562233646,3,2024,2,Malaysia,HongKong
562325091,5,2023,3,United States,California
562338401,5,2024,2,Canada,California
562345157,5,2023,9,United Kingdom,California
562367644,5,2024,2,United Kingdom,Paris
562381350,4,2024,2,United States,HongKong
562400027,4,2023,6,United States,Paris
562407550,5,2023,12,Philippines,HongKong
562419294,5,2024,2,United Kingdom,Paris
562419541,4,2024,2,Australia,California
562424855,5,2024,2,United Kingdom,Paris
562547776,4,2024,2,United States,California
562554490,4,2024,2,United States,California
562578553,5,2024,1,United Kingdom,California
562581394,5,2024,2,United States,California
562596548,5,2024,2,Canada,California
562627146,1,2024,2,United Kingdom,Paris
562658161,2,2024,2,United Kingdom,Paris
562694766,1,2024,2,United States,California
562716441,5,2024,2,Canada,California
562769043,5,2024,2,United Kingdom,California
562807212,3,2023,3,Italy,Paris
562832029,5,2024,2,United States,California
562833174,5,2024,2,Canada,California
562842747,5,2024,2,Australia,HongKong
562847995,3,2024,2,Singapore,HongKong
562872349,4,2024,2,Australia,HongKong
562909117,5,2024,2,United Kingdom,Paris
562957449,5,2024,2,United Kingdom,Paris
562958373,5,2024,2,United Kingdom,HongKong
562989112,5,2024,2,United States,California
562989400,5,2024,2,United States,California
563002458,5,2024,2,United Kingdom,Paris
563017286,5,2023,6,Canada,California
563040707,5,2024,2,United States,California
563049989,3,2023,11,United States,California
563067225,2,2024,2,United States,California
563138984,4,2024,2,United Kingdom,HongKong
563168040,5,2024,2,Ireland,Paris
563181536,4,2023,7,United States,California
563185115,5,2024,2,United States,California
563210952,5,2024,2,United States,California
563218722,4,2024,2,Australia,California
563230642,3,2024,2,United Kingdom,Paris
563256337,4,2024,2,Australia,HongKong
563268195,5,2023,3,India,California
563270991,5,2024,1,Bahrain,Paris
563272189,5,2024,1,United States,California
563300718,4,2024,2,United Kingdom,Paris
563365557,5,2023,9,Singapore,HongKong
563375355,4,2024,2,Brazil,Paris
563385790,5,2024,2,United Kingdom,Paris
563442077,5,2024,2,United States,California
563442896,5,2024,2,Australia,California
563452000,5,2024,1,Indonesia,HongKong
563465259,1,2024,2,United States,California
563539603,4,2024,3,United States,California
563567869,3,2023,12,United States,California
563604043,3,2024,2,United Kingdom,Paris
563608219,5,2024,3,United States,Paris
563613841,3,2023,12,Australia,HongKong
563627582,5,2023,6,United States,California
563660000,4,2024,2,United Kingdom,Paris
563667337,5,2024,2,United States,California
563668556,5,2023,11,United Kingdom,Paris
563710322,5,2024,2,United States,California
563766540,5,2024,2,United Kingdom,Paris
563776597,5,2024,2,United States,California
563790453,5,2024,1,Canada,California
563799302,5,2024,2,United States,California
563810361,5,2023,4,United Kingdom,Paris
563837447,5,2024,1,New Zealand,HongKong
563860491,5,2024,2,United Kingdom,Paris
563881622,5,2024,2,United Kingdom,Paris
563898202,5,2024,2,United Kingdom,Paris
563943114,2,2024,2,United Kingdom,Paris
563966638,4,2024,2,United States,California
563988453,2,2024,2,United Kingdom,California
563995597,4,2023,5,United States,California
564006403,3,2023,11,United States,California
564013994,5,2024,2,United States,California
564028406,5,2023,4,United States,California
564030832,5,2023,6,India,Paris
564041633,5,2024,3,United States,California
564042942,5,2024,3,United States,California
564042979,5,2023,12,United States,California
564098626,5,2024,2,United States,California
564133302,5,2023,4,Hong Kong,HongKong
564136281,5,2023,12,Hong Kong,HongKong
564152416,5,2023,4,Hong Kong,HongKong
564153316,5,2023,4,Philippines,HongKong
564154865,5,2024,3,Australia,California
564160035,4,2024,3,Australia,California
564160943,3,2023,11,Vietnam,HongKong
564164075,5,2024,1,United States,California
564168169,5,2024,2,Belgium,Paris
564170675,5,2024,2,Singapore,HongKong
564170806,4,2024,3,United Kingdom,Paris
564180574,2,2023,12,United States,Paris
564195325,4,2024,2,Australia,HongKong
564207034,5,2024,2,United Kingdom,Paris
564292048,5,2024,2,United States,California
564338003,4,2024,2,Canada,California
564366590,2,2024,3,United States,California
564380905,4,2024,3,France,Paris
564387059,3,2024,2,United States,California
564424084,4,2024,3,Canada,California
564428371,5,2023,6,Australia,California
564470264,5,2023,10,Hong Kong,HongKong
564479155,5,2024,3,United Kingdom,California
564538744,5,2023,9,Philippines,HongKong
564616119,4,2024,2,United Kingdom,Paris
564651642,4,2024,2,United Kingdom,Paris
564653762,5,2023,12,United Kingdom,Paris
564682597,5,2023,6,Indonesia,HongKong
564701540,4,2023,10,United Kingdom,HongKong
564718566,4,2024,2,United States,California
564724905,4,2024,2,Canada,California
564801619,5,2023,12,United Kingdom,Paris
564802688,3,2023,9,Australia,HongKong
564833278,5,2024,3,United Kingdom,Paris
564838273,5,2024,1,Singapore,HongKong
564856458,5,2024,3,United States,California
564893148,4,2024,3,United Kingdom,Paris
564896821,5,2024,2,United States,California
564910472,3,2024,3,France,Paris
564925198,5,2024,3,United States,California
564975885,4,2024,2,United States,California
564978106,2,2024,3,United States,California
565002980,5,2024,2,Canada,California
565003137,3,2023,11,Australia,HongKong
565015950,5,2024,3,Singapore,HongKong
565026450,5,2023,10,Australia,California
565044655,4,2024,2,United States,HongKong
565053633,3,2024,2,Philippines,HongKong
565064280,5,2024,3,United States,California
565098881,3,2024,3,United Kingdom,Paris
565105478,2,2024,1,United Kingdom,Paris
565145371,3,2023,4,United Kingdom,Paris
565145481,5,2024,3,United States,Paris
565153679,3,2024,2,Canada,California
565162532,5,2024,3,United States,California
565166126,4,2023,10,Australia,HongKong
565168038,5,2024,2,Canada,California
565211786,5,2024,3,Ireland,Paris
565243020,5,2023,11,Isle of Man,HongKong
565264346,3,2024,2,Netherlands,Paris
565277911,5,2023,10,Philippines,HongKong
565325198,5,2024,3,United States,California
565335383,5,2024,3,Chile,HongKong
565340879,5,2024,3,United States,California
565345077,4,2024,2,United States,HongKong
565371334,5,2024,3,Canada,California
565372124,5,2024,2,Canada,California
565376508,5,2023,10,India,Paris
565409344,4,2024,3,Israel,Paris
565465479,5,2024,2,United Kingdom,Paris
565490503,5,2024,3,United Kingdom,Paris
565508478,3,2024,3,United States,California
565511111,5,2023,10,United States,HongKong
565511647,3,2024,3,United Kingdom,Paris
565514213,4,2024,3,United Kingdom,California
565546716,5,2024,3,Philippines,HongKong
565588949,3,2024,3,United Kingdom,HongKong
565593560,2,2024,3,United States,Paris
565612705,1,2024,2,United States,California
565633635,5,2023,6,France,HongKong
565662687,5,2023,12,United States,California
565664231,1,2024,3,United States,Paris
565677021,5,2024,3,United States,California
565679974,5,2024,2,United Kingdom,Paris
565706345,5,2024,3,United States,California
565708308,3,2024,2,United States,California
565717032,4,2024,3,United States,California
565732282,5,2024,2,Canada,California
565757378,3,2023,8,United States,California
565786146,3,2024,2,United States,HongKong
565802892,4,2023,12,Singapore,Paris
565813230,3,2024,2,United States,California
565819442,2,2024,2,Ireland,Paris
565828291,5,2024,3,United States,California
565862192,5,2023,10,United Kingdom,Paris
565905512,4,2023,10,United States,California
565927863,3,2024,3,Singapore,HongKong
565954670,5,2024,3,United States,California
565993672,3,2023,8,Australia,California
566045798,5,2024,2,United States,California
566068929,4,2024,3,Jordan,Paris
566075340,5,2023,12,United States,Paris
566091833,5,2024,2,United Kingdom,HongKong
566103151,5,2024,1,United States,California
566116842,5,2024,2,United Kingdom,Paris
566146679,5,2024,2,United States,California
566154102,2,2024,2,United Kingdom,California
566185577,4,2023,4,Australia,California
566190268,3,2024,3,United States,California
566192879,4,2023,9,United States,California
566249459,2,2024,3,Switzerland,Paris
566266272,3,2023,12,Indonesia,HongKong
566272363,4,2024,3,United Kingdom,HongKong
566287043,4,2024,2,Canada,HongKong
566320828,5,2024,3,United States,California
566333057,5,2024,3,United States,California
566341020,5,2024,3,New Zealand,California
566346006,2,2024,1,Sweden,HongKong
566364797,3,2024,3,United Kingdom,Paris
566451557,5,2023,4,United States,California
566456646,4,2024,3,United Kingdom,Paris
566478463,5,2024,3,United States,California
566516424,1,2024,3,United States,California
566555366,5,2024,3,Canada,California
566565261,3,2023,6,United States,Paris
566599683,5,2024,3,United Kingdom,Paris
566611890,5,2023,8,Indonesia,HongKong
566661942,4,2024,2,Australia,California
566711073,5,2023,11,United States,HongKong
566734577,5,2024,3,United Kingdom,Paris
566752464,3,2024,3,United States,California
566772164,5,2024,1,India,California
566780877,3,2024,2,United States,California
566785945,1,2024,3,Australia,California
566786252,5,2024,3,United Kingdom,Paris
566838943,5,2024,3,Jordan,Paris
566874021,3,2024,3,United States,Paris
566890894,5,2024,3,Canada,California
566908314,4,2024,3,United Kingdom,Paris
566949277,5,2024,3,Australia,HongKong
566962563,4,2024,3,United States,California
566968159,5,2024,3,Hong Kong,HongKong
566973085,5,2024,3,United Kingdom,Paris
566992906,3,2024,3,Singapore,HongKong
566996808,5,2023,11,India,HongKong
567020259,2,2024,3,Singapore,HongKong
567020955,5,2023,8,Netherlands,California
567030257,5,2024,2,United Kingdom,HongKong
567103988,5,2024,3,United Kingdom,Paris
567121480,5,2024,3,United States,California
567124486,5,2024,3,United States,California
567124503,2,2024,3,Canada,California
567124526,4,2023,7,United States,Paris
567128917,5,2024,3,United States,California
567141240,3,2023,7,Hong Kong,HongKong
567142393,2,2024,3,Singapore,HongKong
567146658,5,2024,3,Singapore,HongKong
567181623,5,2023,7,Australia,Paris
567205512,4,2024,3,United Kingdom,Paris
567234817,5,2024,2,United States,HongKong
567264826,5,2024,3,United States,California
567288075,5,2024,3,United States,California
567304604,4,2024,2,United States,California
567342333,4,2024,3,United States,California
567346490,1,2024,3,United Kingdom,California
567391341,5,2023,4,Australia,California
567425118,5,2023,9,Australia,HongKong
567452727,1,2024,3,United States,California
567502592,4,2023,9,United States,Paris
567508142,3,2024,3,United Kingdom,Paris
567522754,2,2024,3,Canada,California
567535740,5,2024,3,Norway,Paris
567543792,4,2024,3,United Kingdom,Paris
567544323,4,2024,3,United Kingdom,Paris
567558126,5,2023,11,United Kingdom,HongKong
567570117,5,2023,9,United Kingdom,Paris
567570418,5,2024,3,United States,Paris
567592695,2,2024,3,United States,California
567593048,5,2024,3,United States,California
567605605,4,2024,3,Singapore,HongKong
567675198,5,2024,3,United States,California
567689451,5,2024,3,United States,California
567733551,2,2024,3,United Kingdom,Paris
567746036,5,2024,3,Australia,California
567757139,5,2024,3,Australia,California
567802049,5,2023,12,Australia,Paris
567806827,2,2024,3,United Kingdom,HongKong
567854171,4,2024,3,Singapore,HongKong
567862969,5,2024,3,United Kingdom,HongKong
567871837,4,2024,3,United Kingdom,Paris
567924329,5,2024,3,United States,California
567959980,4,2024,3,United States,California
567971613,5,2023,4,United Kingdom,Paris
567971829,2,2024,3,Philippines,HongKong
567993432,4,2024,3,United States,Paris
568003793,5,2024,3,United States,California
568006311,5,2024,2,Australia,California
568014332,5,2024,3,Ireland,Paris
568072689,4,2024,3,United Kingdom,Paris
568074486,5,2024,3,United States,California
568080028,5,2024,3,United Kingdom,Paris
568119619,5,2024,3,United States,California
568140770,5,2024,3,United States,HongKong
568143338,5,2023,9,Ireland,HongKong
568144020,5,2024,3,United Kingdom,Paris
568174660,5,2024,3,United States,California
568177900,4,2024,3,Canada,California
568186100,3,2024,1,Australia,Paris
568198513,5,2024,3,India,HongKong
568204789,3,2024,3,Canada,Paris
568205939,5,2024,3,Taiwan,HongKong
568209733,5,2024,3,United Kingdom,Paris
568231280,5,2024,2,India,HongKong
568259560,5,2023,12,United States,California
568284468,4,2024,3,United Kingdom,Paris
568301360,3,2024,3,Israel,Paris
568319244,5,2024,3,United Kingdom,Paris
568320628,3,2024,3,United States,California
568364592,3,2024,3,United Kingdom,Paris
568369414,5,2024,3,Indonesia,HongKong
568371949,5,2024,3,Netherlands,HongKong
568386426,3,2024,3,Singapore,HongKong
568396761,4,2024,3,United States,HongKong
568420223,5,2024,3,Philippines,HongKong
568423853,4,2023,11,United Kingdom,Paris
568460098,5,2024,3,United Kingdom,Paris
568471132,5,2024,3,United Kingdom,Paris
568473813,5,2024,3,United Kingdom,Paris
568477730,4,2024,3,United States,California
568485127,5,2024,3,United States,California
568487893,5,2024,3,Canada,California
568510691,5,2024,3,United States,California
568535660,2,2024,3,United States,California
568538266,4,2024,3,Australia,California
568554383,5,2024,3,Singapore,HongKong
568561146,5,2024,3,Australia,HongKong
568584435,4,2024,3,Kenya,HongKong
568592282,4,2024,3,United States,Paris
568603272,4,2024,3,Malaysia,HongKong
568639455,5,2024,3,United States,California
568705748,5,2023,10,Portugal,Paris
568732619,2,2024,3,U.S. Virgin Islands,California
568743075,5,2024,3,United Kingdom,Paris
568747748,5,2024,3,United States,California
568750273,5,2024,3,United States,California
568756030,4,2024,3,United States,California
568811936,2,2024,2,Ireland,Paris
568840637,5,2024,3,Philippines,HongKong
568844287,4,2023,7,United States,California
568852958,5,2024,3,India,HongKong
568859561,5,2024,3,United States,California
568866300,2,2024,2,United Kingdom,Paris
568888119,5,2024,3,United States,California
568901314,5,2024,3,Canada,California
568903338,5,2024,3,Australia,California
568927194,4,2024,3,Canada,California
568957527,4,2024,1,Chile,HongKong
568985675,4,2024,3,Australia,California
568992205,5,2024,3,United States,California
568999905,2,2024,3,United States,California
569018581,5,2024,1,Philippines,HongKong
569034131,5,2024,3,United Kingdom,Paris
569044747,5,2023,7,Netherlands,Paris
569054870,4,2024,3,United States,HongKong
569111154,5,2023,4,United States,HongKong
569123504,5,2024,3,United States,California
569127353,5,2024,2,United Kingdom,Paris
569165750,4,2023,12,United States,Paris
569217133,5,2024,3,New Zealand,HongKong
569220466,5,2024,3,Malaysia,HongKong
569222307,5,2024,3,United States,HongKong
569343357,3,2024,3,Germany,Paris
569344884,5,2024,3,United States,California
569386208,5,2024,3,Australia,California
569389365,5,2023,10,Australia,California
569393418,5,2024,2,United States,HongKong
569404407,3,2024,3,Canada,California
569439598,3,2023,6,United States,Paris
569474398,5,2023,6,India,HongKong
569480649,1,2024,3,United States,Paris
569489896,3,2024,3,United Kingdom,Paris
569545065,5,2024,3,United States,Paris
569545163,5,2023,10,Canada,HongKong
569546754,5,2024,3,United States,California
569576817,4,2023,4,United States,Paris
569591904,4,2024,3,Philippines,HongKong
569593399,5,2024,1,India,HongKong
569622682,1,2024,3,Singapore,Paris
569623943,5,2023,7,United States,California
569643688,3,2023,5,United States,Paris
569673430,5,2024,3,India,HongKong
569728656,5,2024,3,United Kingdom,Paris
569756370,3,2024,3,Australia,HongKong
569764215,1,2024,3,Australia,Paris
569768782,3,2024,3,United States,California
569768876,5,2024,3,United States,California
569770054,5,2023,6,Malaysia,HongKong
569782169,5,2023,5,United States,California
569790502,5,2024,3,United States,California
569791934,5,2024,3,United States,California
569794290,4,2024,3,Singapore,HongKong
569798216,2,2024,3,United States,California
569799519,5,2024,3,Germany,Paris
569809575,3,2024,3,Denmark,Paris
569823535,3,2024,3,Hong Kong,HongKong
569843186,5,2024,3,United Kingdom,HongKong
569887948,4,2023,10,India,California
569904547,1,2024,3,Philippines,HongKong
569926113,5,2024,3,United Kingdom,Paris
569938528,1,2024,3,Sweden,California
569950418,5,2024,3,United States,California
569951949,3,2024,2,Canada,Paris
569955982,3,2024,3,Canada,California
569994023,4,2024,3,United States,California
569999085,5,2024,3,United States,California
570003398,5,2023,8,New Zealand,California
570006164,5,2024,3,United States,California
570008519,5,2024,4,Australia,California
570008883,3,2024,3,New Zealand,California
570010964,5,2024,4,Indonesia,HongKong
570017681,5,2023,5,Sri Lanka,Paris
570043758,3,2024,3,United Kingdom,Paris
570049716,5,2024,4,United States,California
570060368,4,2024,3,Russia,Paris
570128390,5,2024,3,United States,California
570147378,1,2024,4,United Kingdom,Paris
570166275,1,2024,3,Hungary,Paris
570182449,5,2024,3,United Kingdom,Paris
570184169,5,2023,11,Canada,California
570191292,5,2024,4,United Kingdom,Paris
570210963,5,2024,3,United States,California
570230369,3,2024,3,Israel,Paris
570241690,5,2024,3,United States,California
570243161,5,2024,4,Singapore,HongKong
570256126,5,2024,4,Malaysia,HongKong
570285138,4,2024,3,United States,California
570288550,3,2024,4,Hong Kong,HongKong
570292101,5,2024,3,United States,California
570297147,1,2024,4,United States,Paris
570311902,4,2024,4,United Kingdom,Paris
570347148,5,2023,9,United States,Paris
570347223,4,2024,3,United Kingdom,Paris
570348186,5,2024,3,Portugal,Paris
570382415,4,2024,3,Germany,Paris
570399364,2,2024,3,United States,HongKong
570457509,4,2024,4,United States,California
570466724,5,2024,4,United States,California
570467330,5,2024,3,Canada,California
570483456,4,2024,4,United States,California
570507035,4,2024,3,United States,California
570510513,5,2024,4,United States,California
570562292,5,2024,3,United Kingdom,Paris
570598324,5,2024,4,United States,California
570617493,4,2024,3,United Kingdom,California
570630132,4,2024,3,Malaysia,HongKong
570654827,5,2024,3,Indonesia,HongKong
570705374,4,2024,4,United Kingdom,Paris
570718841,5,2024,4,United States,HongKong
570755838,4,2024,3,United States,California
570804493,1,2024,3,United States,HongKong
570812230,4,2024,3,United States,Paris
570812580,5,2024,3,Canada,California
570819150,5,2024,4,India,HongKong
570836110,3,2024,4,Israel,Paris
570856964,5,2024,4,United Kingdom,Paris
570864291,5,2024,3,United Kingdom,Paris
570874971,4,2024,3,United Kingdom,Paris
570886770,4,2024,4,Hong Kong,HongKong
570890555,5,2023,10,United States,California
570933568,2,2024,3,Croatia,Paris
570934263,3,2024,1,Netherlands,Paris
570946178,5,2024,2,Australia,California
570966932,4,2023,12,Singapore,HongKong
570976431,4,2023,12,United Kingdom,Paris
570976923,4,2024,4,United Kingdom,Paris
571010042,4,2024,4,United Kingdom,HongKong
571055253,5,2023,10,Macau,HongKong
571056880,5,2024,4,Sweden,Paris
571064707,5,2024,1,United States,California
571112636,4,2023,5,United States,Paris
571115184,5,2024,3,United States,Paris
571123247,4,2023,7,Hong Kong,HongKong
571125061,5,2024,3,France,Paris
571127274,4,2024,3,Australia,HongKong
571148701,5,2024,4,India,HongKong
571170469,3,2023,7,Hong Kong,HongKong
571195864,3,2024,3,United Kingdom,Paris
571257877,4,2024,4,Singapore,HongKong
571351645,2,2024,4,Ireland,Paris
571370861,5,2024,3,Australia,HongKong
571371126,4,2024,4,Portugal,HongKong
571378612,5,2024,4,United States,California
571393962,5,2024,3,India,HongKong
571447503,5,2024,4,United Kingdom,Paris
571449322,5,2024,3,Germany,HongKong
571471954,3,2024,4,United States,California
571517226,2,2024,4,United States,Paris
571544123,5,2024,4,Malaysia,Paris
571563820,5,2024,3,United Kingdom,Paris
571565346,3,2024,4,United Kingdom,Paris
571574195,5,2024,4,United States,California
571586791,3,2024,4,United Arab Emirates,HongKong
571600765,4,2024,4,Canada,California
571628151,4,2024,3,Australia,HongKong
571639287,3,2024,3,Australia,HongKong
571691885,3,2024,4,Bulgaria,Paris
571697266,5,2023,8,Ireland,Paris
571699227,5,2023,5,United Kingdom,Paris
571758503,4,2024,4,United States,California
571779152,4,2024,4,United States,California
571781696,5,2023,9,United States,Paris
571787303,5,2024,3,United Kingdom,Paris
571789245,3,2024,4,United States,California
571798505,4,2024,4,United States,California
571800422,5,2024,4,United States,California
571806120,3,2024,2,United States,California
571808754,3,2023,11,United States,California
571811748,3,2023,5,United States,Paris
571836729,3,2024,4,United Kingdom,Paris
571893175,5,2024,4,United States,California
571907252,4,2024,4,Australia,HongKong
571997980,5,2024,4,United States,California
572000586,5,2024,2,United Kingdom,Paris
572010749,2,2024,4,Ireland,Paris
572023574,3,2024,4,United States,California
572034844,5,2023,5,Australia,California
572038792,5,2024,4,United States,California
572052141,2,2024,4,Romania,Paris
572054622,5,2024,4,United States,California
572057913,5,2024,3,United States,California
572058942,5,2024,4,Iran,Paris
572066962,5,2024,4,Italy,Paris
572090766,5,2024,3,Australia,California
572109667,5,2024,4,South Africa,HongKong
572116619,4,2024,3,United Kingdom,Paris
572160036,5,2024,4,United Kingdom,HongKong
572168902,3,2023,12,United Kingdom,HongKong
572183071,4,2024,4,Hong Kong,HongKong
572191766,3,2024,4,United Kingdom,Paris
572223486,5,2024,3,United States,HongKong
572247872,1,2024,4,United Kingdom,Paris
572256881,5,2024,4,United States,California
572262007,5,2023,7,United Kingdom,Paris
572294343,3,2024,3,United Kingdom,HongKong
572309175,5,2024,1,United States,California
572311355,5,2024,4,Canada,HongKong
572323592,5,2024,3,Australia,California
572325118,5,2024,3,United States,Paris
572346693,5,2024,4,United Kingdom,Paris
572368287,4,2024,3,Indonesia,California
572428994,5,2023,10,United States,California
572457336,5,2024,1,India,HongKong
572473988,4,2024,4,Canada,California
572550725,4,2024,4,Poland,Paris
572604022,5,2024,4,United Kingdom,Paris
572630703,4,2024,3,United States,Paris
572654190,5,2024,3,Philippines,HongKong
572680515,4,2024,4,United Kingdom,Paris
572710286,5,2024,4,United Kingdom,Paris
572784231,5,2024,4,United Kingdom,California
572819387,5,2024,4,United Kingdom,Paris
572821257,5,2023,11,United Kingdom,HongKong
572877831,5,2024,1,United States,California
572916477,5,2024,4,United Kingdom,Paris
572943040,1,2024,4,Australia,California
572961623,5,2024,4,United Kingdom,Paris
572970606,5,2024,4,Canada,California
572985857,5,2024,4,United States,California
572991611,5,2024,4,India,HongKong
573005506,5,2024,4,United Kingdom,Paris
573015372,5,2023,11,United Kingdom,Paris
573054946,1,2024,4,United Kingdom,Paris
573071454,4,2024,4,China,HongKong
573106756,5,2024,4,Switzerland,California
573139508,5,2024,4,United Kingdom,Paris
573155263,5,2024,4,United States,California
573172733,5,2024,4,New Zealand,California
573179770,5,2024,2,Colombia,California
573179873,5,2023,11,Australia,California
573180890,5,2024,4,Philippines,HongKong
573201374,3,2024,4,Malaysia,HongKong
573226428,4,2024,4,United States,Paris
573263415,4,2024,4,United Kingdom,Paris
573285942,3,2024,4,United States,California
573299671,5,2023,12,United States,California
573302766,5,2024,4,United States,California
573306290,4,2024,4,United Kingdom,Paris
573310409,5,2024,3,United States,California
573312973,5,2024,4,United Kingdom,California
573321045,4,2024,4,United Kingdom,Paris
573386618,4,2024,4,New Zealand,California
573391802,4,2024,4,Philippines,HongKong
573462881,4,2024,4,United Kingdom,Paris
573463513,5,2023,5,United Kingdom,HongKong
573481343,5,2024,4,United Kingdom,Paris
573485574,5,2024,4,United States,California
573508714,4,2024,4,United States,California
573529275,4,2024,4,United Kingdom,HongKong
573534616,5,2024,2,United States,California
573543387,5,2024,4,United Kingdom,California
573548412,5,2024,3,United Kingdom,Paris
573555188,5,2024,4,United Kingdom,HongKong
573571170,4,2024,2,United States,California
573589914,4,2024,4,China,HongKong
573589998,5,2024,4,Singapore,HongKong
573598756,3,2024,4,United Kingdom,California
573599698,5,2023,12,Australia,California
573601715,4,2024,3,Australia,California
573611617,5,2024,4,United States,California
573615447,5,2024,4,Canada,California
573633872,5,2024,4,United States,Paris
573641841,3,2023,6,Singapore,HongKong
573656809,5,2023,12,United Kingdom,Paris
573664311,5,2023,7,Hong Kong,HongKong
573729490,5,2023,9,Albania,Paris
573730091,4,2024,2,United Kingdom,Paris
573738263,5,2024,4,Australia,California
573755521,5,2024,4,United States,Paris
573769146,3,2024,3,United States,California
573809842,5,2024,4,United States,California
573816281,5,2024,4,India,Paris
573834466,4,2024,4,United States,California
573856045,3,2024,4,United States,California
573870537,5,2024,4,United States,California
573951079,4,2023,9,Thailand,HongKong
574028921,5,2024,4,United Kingdom,Paris
574041633,4,2024,4,United Kingdom,Paris
574044918,5,2024,4,United Kingdom,Paris
574056575,5,2024,3,Philippines,HongKong
574078780,4,2024,4,Canada,California
574079405,5,2024,4,Saudi Arabia,Paris
574102492,5,2024,4,Hungary,Paris
574109138,2,2024,1,Australia,HongKong
574122899,5,2024,4,United States,HongKong
574128711,5,2024,2,United States,California
574163029,4,2024,4,Netherlands,Paris
574194570,3,2024,4,United States,California
574199275,3,2024,4,Ireland,California
574237469,5,2024,4,United Kingdom,Paris
574250619,2,2024,4,United Kingdom,Paris
574255254,5,2024,4,Australia,California
574257655,1,2024,4,Canada,HongKong
574265902,5,2024,4,United States,California
574275997,3,2024,4,Australia,California
574338451,2,2024,3,United Kingdom,Paris
574383953,5,2024,4,South Africa,Paris
574394122,4,2024,4,United Kingdom,Paris
574403429,5,2024,2,United Arab Emirates,HongKong
574453451,5,2024,4,Australia,California
574465843,5,2024,4,Australia,California
574481190,5,2024,4,United States,California
574507983,4,2024,4,Singapore,HongKong
574597492,5,2024,4,United Kingdom,Paris
574597678,5,2024,4,United Kingdom,Paris
574640288,5,2024,4,Australia,California
574652605,4,2024,4,United States,California
574652670,5,2024,4,United Kingdom,California
574678041,4,2023,12,Singapore,Paris
574745578,5,2024,4,United States,California
574772866,5,2024,4,United Kingdom,Paris
574809677,5,2024,4,Australia,California
574832649,4,2024,4,Philippines,HongKong
574835235,2,2024,4,United States,California
574845164,5,2024,3,United States,California
574867378,5,2024,4,United Kingdom,Paris
574873127,5,2023,11,Australia,HongKong
574949379,5,2024,4,United States,California
574955805,4,2024,4,United Kingdom,HongKong
574988580,1,2024,4,Canada,Paris
575003507,4,2024,4,United Kingdom,Paris
575020747,4,2024,4,Australia,HongKong
575023439,5,2024,4,Spain,Paris
575040363,5,2024,4,United States,California
575044152,4,2024,4,Australia,California
575045337,5,2023,11,Australia,California
575046763,4,2024,3,Australia,HongKong
575051252,3,2024,4,United States,HongKong
575065371,4,2024,4,Australia,HongKong
575067796,5,2023,12,India,HongKong
575069534,5,2023,10,Australia,California
575092686,3,2024,4,Hong Kong,HongKong
575146297,5,2024,3,United States,Paris
575228595,5,2024,4,United States,Paris
575243116,5,2024,4,United States,California
575243983,5,2024,4,United States,California
575270005,4,2024,4,United States,California
575288927,4,2024,4,United States,California
575302029,4,2024,4,United States,HongKong
575368922,3,2024,4,Philippines,HongKong
575420343,5,2024,4,Canada,HongKong
575488004,5,2024,4,United Kingdom,Paris
575490047,3,2023,9,United Kingdom,California
575497709,5,2024,4,United Kingdom,Paris
575498424,5,2024,3,United States,California
575500296,5,2023,10,Ireland,Paris
575567730,3,2024,4,Taiwan,California
575584183,4,2024,4,Australia,HongKong
575607448,5,2024,4,United Kingdom,Paris
575757368,3,2024,4,United States,California
575758650,5,2024,4,United States,California
575764113,4,2024,4,United Kingdom,HongKong
575806049,4,2024,4,Australia,HongKong
575817371,4,2024,4,United Kingdom,Paris
575818435,5,2024,3,United Kingdom,Paris
575873164,5,2024,4,United Kingdom,Paris
575890155,4,2024,4,United States,Paris
575941820,3,2024,2,Hong Kong,HongKong
575959678,5,2024,4,Australia,California
576003850,4,2024,4,France,Paris
576005753,3,2024,4,India,HongKong
576009700,2,2024,4,United States,California
576011883,5,2024,4,Australia,HongKong
576086039,5,2024,3,United States,Paris
576092201,5,2024,4,United Kingdom,Paris
576124572,1,2024,4,United States,California
576143393,5,2023,5,Australia,California
576163595,4,2024,4,United States,California
576169982,3,2024,4,France,Paris
576194935,1,2024,4,France,Paris
576205596,5,2024,4,United Kingdom,Paris
576209983,4,2024,3,United Kingdom,Paris
576219716,4,2024,4,United States,California
576261941,5,2024,4,United Kingdom,California
576273221,5,2023,6,United States,California
576278139,4,2024,4,United Kingdom,California
576283485,4,2024,4,United States,California
576308439,5,2024,2,United Kingdom,Paris
576326183,2,2024,4,United States,California
576338450,4,2023,5,South Korea,HongKong
576346781,5,2024,4,United States,California
576348967,4,2024,4,United States,California
576363429,5,2023,5,Poland,California
576367398,3,2024,4,Australia,HongKong
576395715,5,2024,4,Australia,HongKong
576397295,4,2024,4,New Zealand,HongKong
576404798,5,2024,4,Philippines,HongKong
576433537,4,2024,4,United Kingdom,California
576461758,5,2024,4,India,Paris
576475229,5,2024,4,United States,HongKong
576543428,5,2024,4,United Kingdom,California
576555416,5,2024,4,United States,California
576564172,3,2024,4,United States,California
576570503,5,2024,4,United Kingdom,Paris
576583384,4,2024,4,United States,California
576586024,1,2024,4,Netherlands,Paris
576593348,5,2024,4,Philippines,California
576594763,5,2024,4,United States,California
576603123,3,2024,4,Australia,California
576611532,5,2024,4,United Kingdom,Paris
576621165,4,2024,4,Hong Kong,HongKong
576624739,4,2023,5,Austria,HongKong
576625632,5,2024,4,United States,HongKong
576635733,4,2024,4,United States,California
576642328,5,2024,3,United States,California
576650841,5,2023,7,United States,Paris
576655988,5,2024,4,New Zealand,HongKong
576658294,5,2024,3,Hong Kong,HongKong
576689286,5,2024,4,Japan,HongKong
576729564,5,2024,4,China,HongKong
576752757,5,2024,4,Italy,Paris
576760261,4,2023,11,Philippines,HongKong
576770510,5,2023,8,Netherlands,Paris
576789256,3,2023,9,Hong Kong,HongKong
576798302,3,2024,4,New Zealand,Paris
576803672,5,2024,2,United States,California
576839578,4,2024,4,Canada,HongKong
576843939,4,2024,4,United States,California
576845863,5,2024,4,United States,California
576850661,5,2024,3,United States,California
576865523,4,2024,4,United Kingdom,Paris
576929466,4,2024,4,New Zealand,Paris
576963676,3,2023,5,United States,HongKong
576973887,3,2024,5,United States,California
576984570,3,2024,4,United States,California
576998640,5,2024,4,Australia,HongKong
577004688,5,2023,6,India,Paris
577031390,4,2024,2,United Kingdom,Paris
577074443,4,2024,4,India,HongKong
577167887,4,2024,4,United States,California
577195739,5,2024,4,United States,HongKong
577208069,5,2024,4,United States,HongKong
577213847,1,2024,4,Australia,California
577230450,5,2024,4,Canada,California
577237060,4,2024,4,United States,California
577243817,5,2024,4,United Kingdom,Paris
577251812,5,2024,3,United States,California
577269052,4,2024,4,United States,California
577271481,3,2024,5,United States,California
577287297,5,2024,5,United Kingdom,California
577296948,5,2023,10,India,HongKong
577319838,5,2024,4,Singapore,Paris
577381569,4,2024,4,United Kingdom,Paris
577386050,2,2024,4,United Kingdom,California
577386471,4,2024,4,India,HongKong
577393051,5,2024,4,Australia,HongKong
577393558,4,2024,4,Philippines,HongKong
577410326,5,2024,4,United States,HongKong
577511672,5,2024,4,United States,California
577512297,5,2024,4,Singapore,Paris
577532681,5,2024,5,United States,California
577545614,3,2024,4,Philippines,HongKong
577546351,5,2024,5,Ethiopia,Paris
577576671,5,2024,4,United Kingdom,California
577594292,4,2024,5,Australia,HongKong
577664626,4,2024,4,United States,HongKong
577743326,2,2024,4,United States,California
577755864,5,2024,5,United States,California
577868539,5,2023,9,United Arab Emirates,HongKong
577916635,4,2024,4,Australia,California
577927017,4,2024,5,United States,California
577945002,3,2024,4,United States,Paris
577955626,3,2024,4,United States,California
577996381,5,2024,4,Australia,HongKong
578011310,4,2024,4,United Kingdom,HongKong
578028794,5,2024,4,Australia,California
578051478,4,2024,4,India,HongKong
578072006,5,2024,5,United States,California
578104102,5,2024,5,United States,California
578126581,5,2023,12,New Zealand,California
578150719,5,2024,4,Canada,California
578151957,2,2024,5,Ireland,Paris
578171541,2,2024,4,Australia,California
578175944,4,2024,4,New Zealand,California
578185351,4,2024,5,Australia,HongKong
578196419,5,2024,4,Australia,HongKong
578307322,5,2024,5,United States,California
578307984,5,2024,4,Australia,HongKong
578339416,5,2023,6,United States,Paris
578404004,3,2024,5,Canada,California
578408638,2,2024,5,United States,California
578414620,5,2024,5,Canada,Paris
578433200,5,2024,5,India,HongKong
578463299,5,2023,11,India,HongKong
578467905,4,2024,4,Israel,Paris
578552086,5,2024,5,United States,California
578558546,5,2024,4,Netherlands,Paris
578563296,5,2024,5,Australia,California
578565613,4,2024,5,Australia,HongKong
578615088,5,2024,5,Ireland,California
578616272,5,2024,5,United States,California
578646382,3,2024,5,United Kingdom,Paris
578650019,5,2024,5,United Kingdom,California
578654086,5,2023,6,United Kingdom,Paris
578678588,5,2024,5,New Zealand,California
578690251,4,2024,4,Philippines,HongKong
578690877,5,2024,5,United States,California
578701428,4,2024,5,Australia,Paris
578734203,4,2024,4,United Kingdom,HongKong
578796111,5,2024,4,Ireland,Paris
578840120,5,2024,4,United Kingdom,Paris
578840796,2,2024,5,Netherlands,Paris
578862234,5,2024,4,United States,California
578873251,5,2024,4,Australia,HongKong
578896175,3,2024,5,United States,California
578911490,4,2024,5,Australia,HongKong
578924635,5,2024,5,United Arab Emirates,California
579043612,4,2024,5,United States,California
579060936,1,2024,4,United Kingdom,Paris
579077473,3,2024,3,Belgium,Paris
579078339,2,2024,5,Spain,California
579083313,5,2024,5,United Kingdom,Paris
579186028,5,2024,5,United Kingdom,Paris
579205365,3,2024,3,Singapore,Paris
579233392,5,2024,5,Ireland,Paris
579233555,1,2023,6,United Kingdom,Paris
579277641,2,2024,4,United States,California
579344451,5,2024,4,Hong Kong,HongKong
579348109,3,2024,5,India,HongKong
579355465,5,2024,5,Australia,California
579448651,5,2024,5,United Kingdom,Paris
579454390,5,2024,4,United Kingdom,Paris
579457493,1,2024,5,United States,California
579494110,5,2024,5,United States,California
579522587,5,2024,5,United Kingdom,Paris
579553877,5,2024,5,United Kingdom,HongKong
579555435,4,2024,4,United States,HongKong
579568106,5,2024,5,Philippines,HongKong
579572453,5,2024,5,United Kingdom,HongKong
579578055,5,2024,5,New Zealand,California
579683691,5,2024,4,Australia,California
579707362,4,2024,4,United States,HongKong
579723351,5,2024,5,Colombia,California
579757296,4,2023,6,Australia,HongKong
579767290,5,2024,5,China,HongKong
579814853,4,2024,5,Lebanon,Paris
579818669,4,2024,5,United States,HongKong
579822644,2,2024,4,United States,HongKong
579838581,3,2024,5,United Kingdom,Paris
579883080,5,2024,4,India,HongKong
579963299,5,2023,7,Australia,California
579984920,3,2024,5,United Kingdom,Paris
579993617,5,2024,4,United States,California
580023014,5,2024,5,United States,California
580027716,5,2024,5,Canada,California
580040632,5,2024,2,Australia,Paris
580082565,5,2024,5,United Kingdom,Paris
580257268,4,2024,5,France,Paris
580266556,5,2024,5,Australia,HongKong
580286294,5,2024,5,Canada,Paris
580299700,5,2024,5,United States,California
580315838,3,2024,4,Northern Mariana Islands,HongKong
580379345,4,2024,5,Australia,HongKong
580416873,5,2024,4,South Africa,HongKong
580417486,5,2024,5,Canada,California
580437465,3,2024,5,United Kingdom,California
580453086,5,2024,5,Turkey,Paris
580480491,5,2024,3,United States,California
580483737,5,2023,10,Spain,Paris
580509506,4,2024,5,Taiwan,HongKong
580526787,5,2024,5,United States,California
580529741,4,2024,5,United States,California
580542921,5,2024,5,United States,California
580554768,3,2024,5,United Kingdom,Paris
580610227,4,2024,5,Spain,Paris
580620815,4,2024,5,Belgium,Paris
580645412,4,2024,4,India,HongKong
580691998,4,2024,5,United States,California
580716022,5,2024,5,United States,California
580733792,4,2024,4,Australia,HongKong
580741078,5,2024,5,India,HongKong
580741816,4,2024,4,Australia,HongKong
580746926,5,2024,4,Australia,California
580756841,5,2024,5,India,HongKong
580757462,5,2024,4,India,Paris
580767718,4,2024,5,United States,HongKong
580798460,1,2024,5,United Arab Emirates,Paris
580831762,4,2024,3,United States,HongKong
580844524,5,2023,10,United States,California
580857180,5,2024,5,Switzerland,Paris
580880170,5,2024,5,United States,California
580915368,5,2024,5,United Kingdom,Paris
580916305,5,2024,3,United Kingdom,Paris
580919326,4,2024,5,United States,California
580940037,5,2023,12,China,HongKong
580949120,5,2024,5,Canada,California
580950950,5,2024,5,Australia,HongKong
580967632,4,2024,5,United Kingdom,Paris
580983877,2,2024,5,Macau,HongKong
580991959,3,2024,4,United Kingdom,Paris
581007706,5,2024,3,United Kingdom,Paris
581022632,4,2024,5,Canada,California
581031810,5,2024,5,United Kingdom,Paris
581036497,5,2024,5,United Kingdom,Paris
581050063,5,2024,5,India,HongKong
581084311,5,2024,5,United Kingdom,Paris
581085795,5,2024,5,United States,Paris
581096176,5,2024,5,United States,California
581110272,4,2024,5,United States,Paris
581111266,5,2024,5,Canada,California
581117608,2,2024,5,United Kingdom,Paris
581131376,1,2024,5,United Kingdom,California
581131471,4,2024,5,Singapore,HongKong
581137336,4,2024,5,United States,California
581159934,2,2023,8,Australia,HongKong
581160653,5,2024,5,Australia,HongKong
581171240,3,2024,5,United States,Paris
581242099,2,2024,5,United States,California
581296723,5,2024,5,Australia,California
581310706,5,2024,5,Canada,California
581313433,3,2024,4,United States,California
581324994,5,2024,4,Ireland,Paris
581330233,5,2024,3,Hong Kong,HongKong
581343870,5,2024,4,India,HongKong
581350353,5,2024,5,India,HongKong
581356335,3,2023,6,China,HongKong
581376597,4,2024,5,Philippines,HongKong
581411114,5,2024,5,United States,California
581433793,5,2024,5,United States,California
581456185,4,2024,5,United States,California
581474150,2,2024,5,United Kingdom,Paris
581483064,3,2024,5,Australia,Paris
581483329,5,2024,5,India,HongKong
581531835,5,2024,5,New Zealand,HongKong
581531996,5,2024,5,United States,California
581572577,5,2024,5,Australia,HongKong
581586288,4,2024,5,India,HongKong
581588976,5,2023,6,Philippines,HongKong
581598778,1,2024,5,Australia,HongKong
581604553,4,2024,5,Netherlands,HongKong
581643885,5,2024,5,United Kingdom,Paris
581661312,5,2024,5,United Kingdom,Paris
581671410,5,2024,5,United Kingdom,Paris
581700911,5,2024,5,United States,HongKong
581739826,5,2023,12,United Kingdom,Paris
581742592,5,2024,5,New Zealand,Paris
581793256,4,2023,12,United Kingdom,HongKong
581794904,5,2024,2,United Kingdom,California
581795997,5,2023,6,Luxembourg,Paris
581800501,3,2024,5,United States,California
581829011,5,2024,4,Canada,California
581845247,4,2024,2,United States,Paris
581845290,5,2024,3,India,HongKong
581847260,5,2024,5,United Kingdom,HongKong
581858831,3,2024,5,Australia,California
581864312,3,2024,5,Indonesia,HongKong
581873213,5,2024,5,Belgium,Paris
581875896,3,2024,5,Australia,HongKong
581883376,5,2023,10,South Africa,California
581897692,4,2024,4,India,HongKong
581898119,3,2024,4,Hong Kong,HongKong
581917368,3,2024,5,India,HongKong
581960973,5,2023,10,India,Paris
581970117,5,2023,9,India,HongKong
581983387,5,2023,9,Indonesia,HongKong
582018100,1,2024,5,United States,California
582031792,4,2024,5,United Kingdom,California
582034224,5,2024,5,Canada,California
582056525,3,2023,11,United States,Paris
582056622,3,2024,5,New Zealand,Paris
582074048,1,2024,4,United States,California
582075669,5,2024,5,Canada,HongKong
582078072,5,2024,5,United Kingdom,California
582083650,5,2023,11,Canada,California
582096497,4,2024,5,United States,California
582104825,4,2024,5,United States,HongKong
582143070,5,2024,5,India,HongKong
582209821,3,2023,6,Romania,HongKong
582255368,3,2024,5,Netherlands,Paris
582270431,4,2024,4,United States,HongKong
582274036,5,2024,5,United Kingdom,Paris
582278277,4,2023,7,Ireland,Paris
582315401,4,2024,5,Australia,California
582318374,4,2024,5,Australia,HongKong
582330399,4,2024,5,United States,California
582415115,5,2023,6,India,HongKong
582423712,4,2024,5,Canada,Paris
582442916,4,2024,5,Hong Kong,HongKong
582509834,5,2023,10,United States,California
582525714,2,2024,5,United States,California
582528020,5,2024,5,United States,California
582528150,5,2024,5,Philippines,HongKong
582620243,5,2024,5,United States,California
582641334,2,2024,5,United Kingdom,California
582650264,4,2024,3,Philippines,HongKong
582710305,5,2023,11,United States,California
582719347,4,2024,5,United States,Paris
582727969,4,2024,5,United States,California
582731076,1,2024,5,United States,California
582735605,4,2024,5,United States,California
582744291,4,2024,5,United States,California
582754336,4,2024,5,Canada,California
582861331,4,2024,4,Taiwan,HongKong
582863868,4,2024,5,United States,California
582912653,3,2024,5,United States,California
582921690,5,2024,5,United Kingdom,Paris
582922865,2,2024,5,Canada,California
582940415,2,2024,5,Australia,California
582942184,1,2024,5,Thailand,HongKong
582942231,2,2024,5,United States,Paris
582942643,2,2024,5,United States,California
582951525,4,2024,5,Brunei,HongKong
582967162,5,2024,5,Germany,Paris
582971844,5,2024,5,United Kingdom,California
583081583,4,2024,5,India,Paris
583108132,4,2024,5,United Kingdom,HongKong
583122992,2,2024,5,United States,California
583133978,5,2024,3,United Kingdom,Paris
583145637,5,2024,5,India,Paris
583149550,5,2024,5,United Kingdom,Paris
583160459,5,2023,10,Russia,HongKong
583166811,5,2024,5,United States,California
583198879,5,2024,4,Australia,HongKong
583199102,5,2024,5,United States,California
583212683,4,2024,1,Sweden,HongKong
583254474,5,2023,6,Azerbaijan,Paris
583261496,5,2024,5,Romania,Paris
583276453,5,2023,9,Australia,California
583287902,4,2023,6,United States,California
583299566,4,2024,4,Ireland,Paris
583348120,3,2024,5,United Kingdom,Paris
583401659,5,2024,5,United Kingdom,Paris
583420908,5,2024,4,Spain,Paris
583439824,3,2024,4,Ireland,HongKong
583444356,5,2024,5,United Kingdom,Paris
583452266,4,2024,5,United Kingdom,Paris
583465172,4,2024,5,United Kingdom,Paris
583467353,4,2024,5,Australia,HongKong
583498140,2,2024,5,Australia,California
583505064,5,2024,5,Hong Kong,HongKong
583509923,5,2024,5,United States,California
583516580,4,2024,5,United States,California
583522622,5,2023,6,United States,Paris
583538905,5,2024,3,United States,California
583551983,4,2024,5,United Kingdom,California
583568083,5,2024,5,Singapore,HongKong
583584033,5,2024,5,Malaysia,HongKong
583585877,2,2024,5,United Kingdom,Paris
583594677,5,2024,5,United Kingdom,Paris
583615974,2,2024,5,Singapore,HongKong
583640763,5,2024,5,United Kingdom,California
583664630,4,2024,5,India,HongKong
583672927,5,2024,4,United Kingdom,California
583702299,5,2024,5,United Kingdom,California
583712602,5,2024,5,United States,California
583719916,5,2024,5,United States,California
583746771,5,2023,6,France,Paris
583750777,1,2024,5,United Kingdom,Paris
583784833,5,2024,5,Australia,HongKong
583789057,5,2023,6,India,HongKong
583793993,5,2024,5,United Kingdom,Paris
583803618,3,2024,5,Japan,HongKong
583810364,5,2023,6,Philippines,HongKong
583848164,5,2023,6,Australia,HongKong
583849355,4,2024,5,United Kingdom,Paris
583858266,2,2024,5,United Kingdom,Paris
583894972,4,2024,5,United Kingdom,Paris
583913676,4,2024,4,United States,California
583939942,5,2024,5,United Kingdom,Paris
583974625,1,2024,5,United Kingdom,Paris
584003444,5,2024,5,United States,California
584009267,3,2024,5,Australia,HongKong
584058182,4,2024,5,United Kingdom,Paris
584071795,3,2024,5,United Kingdom,Paris
584088501,1,2024,5,South Africa,Paris
584140885,5,2024,5,United States,California
584185748,2,2024,5,United Kingdom,Paris
584192646,4,2024,5,United Kingdom,Paris
584247905,2,2024,5,Philippines,HongKong
584255814,5,2024,4,United Kingdom,Paris
584262583,5,2023,9,Singapore,HongKong
584264514,5,2024,5,United Kingdom,Paris
584370214,4,2024,5,United States,Paris
584401109,3,2024,5,United Kingdom,Paris
584401460,2,2024,6,United States,California
584415125,1,2024,6,United Kingdom,Paris
584443138,5,2024,5,United States,California
584446025,4,2024,5,United States,HongKong
584499590,1,2024,5,United Kingdom,California
584509141,5,2024,5,Australia,California
584509281,4,2024,6,United Kingdom,Paris
584527925,5,2024,5,Ireland,Paris
584531192,5,2024,4,United Kingdom,HongKong
584548536,4,2024,5,United Kingdom,Paris
584555819,5,2024,5,United Kingdom,Paris
584583393,3,2024,5,United States,California
584596296,4,2024,6,United Kingdom,Paris
584611562,1,2024,6,United Kingdom,Paris
584620433,4,2024,5,United Kingdom,Paris
584654969,2,2024,5,United States,California
584667927,5,2023,11,Singapore,California
584676311,3,2024,5,United States,California
584695782,4,2024,3,India,HongKong
584711956,5,2024,6,Belgium,Paris
584713038,5,2024,5,United Kingdom,Paris
584715222,1,2024,6,Italy,Paris
584725716,3,2024,6,United Kingdom,Paris
584725935,5,2024,6,United Kingdom,Paris
584732231,3,2024,6,Australia,HongKong
584738113,5,2024,6,Germany,Paris
584738619,4,2024,6,Germany,Paris
584774442,4,2024,6,United States,Paris
584793465,4,2024,6,Germany,Paris
584858299,5,2024,4,United States,HongKong
584864020,5,2024,5,United Kingdom,Paris
584870949,3,2024,6,United States,California
584879218,5,2024,5,United Kingdom,Paris
584880166,4,2024,5,United States,California
584893395,2,2024,5,United Kingdom,California
584961708,5,2024,5,India,HongKong
584964026,5,2024,6,Australia,California
584976074,5,2024,6,United Kingdom,Paris
584978042,5,2024,5,China,HongKong
585002889,3,2024,5,India,Paris
585005694,4,2024,5,Philippines,HongKong
585071733,5,2024,5,United Kingdom,California
585085151,5,2024,5,United States,California
585184580,4,2024,5,United States,California
585191083,2,2024,6,Australia,HongKong
585195938,3,2024,6,United States,Paris
585214214,5,2024,6,United Kingdom,California
585216112,5,2024,6,United States,California
585237727,3,2024,6,United Kingdom,Paris
585242549,5,2024,6,Indonesia,HongKong
585254389,5,2024,3,Denmark,Paris
585256621,4,2024,5,India,HongKong
585319354,5,2023,7,United Kingdom,Paris
585326692,4,2024,6,United Kingdom,Paris
585329403,5,2024,5,United Kingdom,Paris
585358271,4,2024,5,United Kingdom,Paris
585367120,4,2024,5,Spain,Paris
585398862,5,2024,6,Australia,California
585410007,5,2024,6,India,Paris
585449357,5,2024,1,India,HongKong
585450443,1,2024,6,Canada,California
585459022,5,2024,6,Australia,California
585462175,5,2024,5,India,HongKong
585488713,4,2024,6,India,HongKong
585533488,5,2023,8,United Kingdom,HongKong
585544097,5,2024,5,Singapore,California
585570726,5,2024,5,United Kingdom,Paris
585571449,5,2024,6,Netherlands,HongKong
585572939,5,2024,5,United States,California
585591857,4,2024,5,Canada,California
585598101,2,2024,5,United States,Paris
585601851,2,2024,5,United States,California
585611220,4,2024,5,Hungary,Paris
585622171,2,2024,6,United Kingdom,Paris
585629946,4,2023,11,Australia,HongKong
585693103,5,2024,5,India,HongKong
585696593,4,2024,6,New Zealand,HongKong
585703695,5,2024,5,Croatia,Paris
585708532,4,2024,5,India,Paris
585725349,5,2024,5,Norway,Paris
585792923,5,2024,6,United Kingdom,HongKong
585827014,5,2024,6,Canada,California
585835001,1,2024,6,United States,California
585882336,5,2024,6,India,HongKong
585903713,4,2024,6,United States,HongKong
585921075,5,2024,6,Philippines,HongKong
585945793,5,2024,5,United Kingdom,Paris
585949200,4,2024,6,Romania,Paris
585961601,4,2023,7,Philippines,HongKong
585977826,4,2023,12,United Kingdom,Paris
585983137,5,2024,5,Malaysia,HongKong
585997547,4,2024,6,United Kingdom,Paris
586046805,4,2024,6,United Kingdom,Paris
586063786,4,2024,6,United Kingdom,Paris
586073034,4,2024,6,Australia,California
586083629,5,2024,5,United States,California
586114944,4,2024,6,United Kingdom,Paris
586142959,3,2024,5,United Kingdom,Paris
586165458,4,2024,4,United Kingdom,Paris
586165480,4,2024,6,Philippines,HongKong
586215002,5,2024,6,Australia,California
586217594,4,2024,5,India,HongKong
586254029,5,2024,5,United Kingdom,Paris
586256907,5,2024,6,Australia,Paris
586260231,5,2024,5,United States,California
586288522,5,2024,6,Australia,California
586289644,5,2024,2,Malaysia,HongKong
586292308,5,2024,6,Australia,HongKong
586300138,4,2024,6,United States,California
586304621,3,2024,6,United States,California
586370171,5,2024,6,France,Paris
586373172,5,2024,6,United States,California
586452784,2,2024,6,United Kingdom,Paris
586456757,4,2024,6,Indonesia,HongKong
586475286,5,2024,6,United States,California
586494512,5,2024,6,United States,California
586528708,5,2024,6,United States,HongKong
586565376,5,2024,6,Germany,Paris
586586550,5,2024,2,United States,California
586610823,5,2024,6,United Kingdom,Paris
586629046,5,2024,6,India,HongKong
586644559,5,2024,3,Hong Kong,HongKong
586663221,5,2024,5,United States,Paris
586712874,2,2024,6,United Kingdom,Paris
586719910,5,2023,8,United States,California
586722126,5,2024,6,United States,California
586724845,2,2024,4,United States,California
586780267,4,2024,6,United States,HongKong
586782676,5,2024,5,United Kingdom,Paris
586784099,4,2024,4,United States,Paris
586798099,5,2024,6,United States,California
586831066,3,2024,6,United States,California
586840085,5,2024,5,North Macedonia,Paris
586860481,4,2024,6,United Kingdom,HongKong
586921995,5,2024,4,United Arab Emirates,HongKong
586943991,4,2024,5,United Kingdom,Paris
586951250,5,2023,10,Philippines,HongKong
586970826,5,2024,6,United States,California
587070775,4,2024,6,Denmark,Paris
587074655,3,2024,5,Indonesia,HongKong
587075075,5,2024,6,New Zealand,California
587075289,5,2024,4,India,HongKong
587090426,1,2024,5,United States,California
587107992,5,2024,5,Australia,HongKong
587109509,5,2024,6,India,California
587134026,3,2024,6,United Kingdom,Paris
587139221,5,2024,5,India,Paris
587176184,3,2024,6,United States,Paris
587214110,3,2024,6,United Kingdom,Paris
587218793,4,2024,6,United Kingdom,Paris
587220119,5,2024,5,India,Paris
587229448,3,2024,6,United States,California
587229867,1,2024,5,United States,California
587235305,5,2024,6,Malaysia,HongKong
587240718,5,2024,6,Australia,California
587280484,2,2024,6,United States,California
587280661,5,2024,5,Australia,California
587298279,4,2024,6,Singapore,Paris
587328344,3,2024,6,India,HongKong
587328974,3,2024,6,United Kingdom,Paris
587347228,3,2024,6,Hong Kong,Paris
587393102,5,2023,12,United Kingdom,California
587421428,5,2024,6,India,HongKong
587423208,3,2024,6,United Kingdom,Paris
587503034,4,2023,7,India,HongKong
587556243,5,2024,6,United States,HongKong
587575363,5,2023,10,Australia,California
587578356,4,2024,6,United States,Paris
587619319,4,2024,6,United Kingdom,Paris
587634894,4,2024,6,Australia,Paris
587665349,5,2024,5,United States,California
587680249,5,2024,6,United States,California
587711375,1,2024,6,United States,Paris
587713563,3,2024,6,Australia,California
587730714,5,2024,6,United States,California
587747145,3,2024,6,India,HongKong
587764135,5,2024,5,Australia,HongKong
587776560,4,2024,5,Ireland,Paris
587777259,1,2024,6,United Kingdom,Paris
587790965,5,2024,5,Maldives,HongKong
587791887,5,2024,6,United Kingdom,Paris
587891326,4,2024,6,United Kingdom,Paris
587905784,1,2024,6,United Kingdom,Paris
587942783,5,2024,4,India,California
587945162,5,2024,6,United States,California
588019881,5,2024,6,Malaysia,HongKong
588057419,5,2023,11,Canada,California
588099819,5,2024,6,India,Paris
588108927,5,2024,6,United States,California
588165673,5,2024,6,Australia,HongKong
588168997,5,2023,12,United Kingdom,Paris
588170498,5,2023,10,United Kingdom,HongKong
588184955,5,2024,6,United States,California
588192677,4,2024,6,United States,California
588226617,5,2024,6,United Arab Emirates,HongKong
588238767,5,2024,6,Singapore,California
588282945,5,2024,6,India,HongKong
588291311,4,2024,6,United Kingdom,Paris
588292094,5,2024,6,United Kingdom,Paris
588350804,5,2024,6,Philippines,HongKong
588378592,5,2024,6,United States,California
588388593,3,2024,6,Hong Kong,HongKong
588440686,5,2024,3,United States,Paris
588451020,5,2024,6,United States,California
588458485,3,2024,6,China,Paris
588460571,4,2024,6,United Kingdom,Paris
588474095,5,2024,6,United States,California
588517521,3,2024,6,United States,California
588555569,4,2024,4,United States,California
588560807,4,2024,6,United Kingdom,Paris
588597178,4,2024,5,United Kingdom,Paris
588598031,4,2024,6,Australia,HongKong
588602644,5,2024,6,United Kingdom,Paris
588633456,2,2024,6,India,California
588642315,5,2024,4,Bahrain,HongKong
588644138,5,2024,5,India,HongKong
588672961,5,2023,7,India,HongKong
588689186,5,2024,6,Kenya,HongKong
588691812,5,2024,6,United States,California
588700279,5,2024,6,Singapore,Paris
588708023,4,2024,4,India,HongKong
588709221,5,2023,8,United Arab Emirates,Paris
588740162,5,2024,6,Japan,HongKong
588742749,4,2024,1,Australia,HongKong
588746727,5,2024,6,India,Paris
588779840,4,2024,5,Singapore,HongKong
588797367,4,2024,5,United States,Paris
588802310,4,2024,6,Singapore,HongKong
588822968,5,2024,6,United States,California
588835332,5,2024,6,United Kingdom,Paris
588842598,5,2024,5,India,HongKong
588859673,5,2023,10,Egypt,Paris
588863244,3,2024,5,United States,California
588873021,2,2024,6,United States,California
588914729,5,2024,6,United Kingdom,Paris
588965666,5,2024,5,United States,California
588979283,2,2024,6,United Kingdom,Paris
589019872,1,2024,6,Egypt,Paris
589033421,3,2024,6,United Kingdom,Paris
589034438,4,2023,11,United Kingdom,HongKong
589054220,5,2024,6,Singapore,Paris
589056529,3,2024,5,Brunei,HongKong
589077519,4,2024,6,United States,California
589094833,4,2024,6,United States,HongKong
589137050,5,2024,6,United Kingdom,Paris
589176442,3,2024,6,United Kingdom,Paris
589182223,2,2024,6,United States,California
589183340,5,2024,5,United Kingdom,California
589220622,4,2024,6,United States,California
589220822,5,2024,6,United Kingdom,HongKong
589234915,5,2024,5,United States,Paris
589248429,4,2024,6,India,HongKong
589288062,3,2024,6,United States,California
589341245,5,2024,6,United States,California
589353600,5,2024,6,United States,California
589355514,5,2024,6,United Kingdom,Paris
589359803,5,2023,7,Australia,California
589359835,5,2024,6,United States,California
589365081,5,2023,7,Indonesia,HongKong
589374511,3,2024,6,Malaysia,HongKong
589376696,5,2024,6,United Kingdom,HongKong
589388076,5,2023,10,United States,California
589390579,5,2024,6,Philippines,HongKong
589404494,5,2024,5,India,Paris
589427713,4,2024,6,Australia,HongKong
589472553,3,2024,6,Germany,Paris
589505187,4,2023,11,Bosnia and Herzegovina,HongKong
589520659,5,2024,6,United States,California
589526611,4,2023,9,Vietnam,California
589556858,4,2024,6,United Kingdom,Paris
589568183,5,2024,5,United States,California
589577307,5,2024,6,United States,California
589582775,5,2024,6,United Kingdom,Paris
589586995,5,2024,6,Mexico,California
589602241,4,2024,6,Singapore,HongKong
589606789,4,2024,6,Australia,HongKong
589615868,4,2024,6,Malaysia,HongKong
589616994,5,2024,6,United States,HongKong
589618423,5,2024,6,United Kingdom,California
589625265,4,2024,6,Australia,California
589638121,4,2024,6,Philippines,California
589663198,3,2024,6,Australia,HongKong
589664012,4,2024,4,South Africa,Paris
589816621,3,2024,6,United Kingdom,Paris
589834374,4,2024,3,United States,California
589871785,5,2024,6,United States,California
589979574,1,2024,6,United States,California
589980729,5,2024,6,United States,California
590009011,5,2024,6,United States,California
590014816,5,2024,5,India,Paris
590060783,5,2024,6,Mauritius,Paris
590095633,5,2024,6,United States,California
590103964,4,2024,6,United Kingdom,HongKong
590130143,2,2024,5,Australia,Paris
590181669,1,2024,6,Belgium,Paris
590231837,5,2024,6,India,HongKong
590238469,4,2024,6,Norway,California
590252276,5,2023,7,United States,California
590259925,5,2024,4,United Kingdom,California
590269841,3,2024,6,United States,Paris
590307000,4,2024,6,United Kingdom,Paris
590318243,5,2024,6,Canada,California
590341282,3,2024,6,United States,Paris
590343802,4,2024,6,United States,California
590357516,4,2024,6,United States,Paris
590365415,4,2024,6,Australia,California
590365937,5,2024,5,United Kingdom,Paris
590377437,5,2024,6,Egypt,Paris
590384109,5,2024,4,Philippines,HongKong
590401727,4,2024,6,United States,Paris
590416923,5,2024,6,United States,California
590418284,5,2024,6,United States,California
590419834,4,2023,7,Philippines,HongKong
590428333,4,2024,6,United Kingdom,HongKong
590429358,3,2024,5,United Kingdom,Paris
590435340,5,2023,12,India,HongKong
590509449,5,2023,7,United States,California
590559896,5,2024,6,United Kingdom,California
590598004,5,2024,6,United States,California
590629418,2,2024,6,United Kingdom,Paris
590722325,5,2024,6,United States,California
590725587,5,2024,6,United States,California
590727742,3,2023,10,United States,Paris
590729564,5,2024,6,United States,California
590755596,3,2024,6,India,HongKong
590759883,5,2024,6,United States,Paris
590814095,4,2024,6,Singapore,HongKong
590814329,5,2024,6,United Kingdom,Paris
590919514,5,2024,6,Germany,Paris
590933920,4,2024,6,United States,California
590962095,1,2024,6,Canada,California
590978249,1,2024,6,United Kingdom,Paris
591021830,5,2024,5,Australia,HongKong
591063187,5,2023,12,Philippines,HongKong
591067822,3,2024,6,Israel,California
591077135,5,2024,4,Egypt,HongKong
591089624,4,2024,6,United Kingdom,Paris
591132708,5,2023,7,United States,California
591146220,5,2023,11,United States,HongKong
591172739,4,2024,6,India,HongKong
591181262,5,2024,4,United States,California
591199364,3,2024,6,Hong Kong,HongKong
591199986,4,2024,4,Malaysia,HongKong
591263205,5,2024,6,United Kingdom,Paris
591277141,1,2024,6,United States,California
591278907,5,2024,6,United States,California
591313684,5,2024,6,Bulgaria,Paris
591344928,5,2024,6,Australia,HongKong
591351388,5,2024,4,Australia,California
591422941,5,2023,7,India,Paris
591434556,5,2024,6,Sweden,Paris
591477708,5,2024,6,United States,California
591546060,3,2024,6,United States,California
591549910,4,2024,6,United States,California
591637908,4,2024,6,United States,California
591653661,5,2024,6,United States,HongKong
591657081,5,2024,6,United States,California
591684759,5,2024,5,Australia,California
591710387,5,2024,6,United Kingdom,Paris
591731098,5,2024,6,United States,California
591801891,5,2024,6,United States,California
591833769,3,2024,6,Norway,Paris
591854377,4,2024,5,United States,California
591857578,3,2023,7,India,HongKong
591872709,4,2024,5,Denmark,Paris
591889697,1,2024,6,Norway,Paris
591891087,5,2024,6,New Zealand,California
591894429,5,2024,6,United States,California
591923325,5,2024,6,United States,California
591928870,5,2024,6,United States,California
591969326,5,2024,6,United Kingdom,Paris
591998073,4,2024,6,United States,California
592006003,5,2024,6,United States,California
592013754,5,2024,7,Australia,HongKong
592015785,5,2024,6,United States,California
592032396,5,2024,6,United States,California
592047508,5,2024,6,United States,California
592072126,3,2024,4,Australia,California
592082369,5,2024,6,Qatar,HongKong
592148212,5,2024,7,Australia,HongKong
592153909,1,2024,6,Australia,California
592173986,5,2024,6,United States,California
592185260,5,2023,10,United Kingdom,Paris
592208940,4,2024,6,United States,California
592216463,2,2023,8,United States,California
592230950,5,2024,7,United Kingdom,Paris
592254191,5,2023,8,United States,California
592260953,4,2024,6,Portugal,Paris
592265064,4,2024,7,Hong Kong,HongKong
592271760,5,2024,5,United States,California
592306470,5,2024,5,Singapore,HongKong
592308822,5,2024,7,Australia,California
592334716,5,2023,10,United Kingdom,Paris
592365454,3,2024,6,Portugal,Paris
592378248,4,2024,6,United Kingdom,Paris
592383913,1,2024,6,United States,Paris
592401767,4,2024,1,United Kingdom,Paris
592426289,3,2024,6,United States,HongKong
592443224,5,2024,6,United States,California
592551239,5,2024,5,United Kingdom,Paris
592559557,5,2024,6,United Kingdom,Paris
592564720,5,2024,5,United Kingdom,HongKong
592572302,4,2024,4,Australia,California
592597366,5,2024,6,United States,California
592606215,4,2024,7,Indonesia,HongKong
592620850,5,2024,7,United States,California
592662756,5,2024,6,United Kingdom,Paris
592689562,5,2024,1,United Kingdom,California
592728089,4,2024,7,Australia,HongKong
592740271,2,2024,6,United States,Paris
592747539,5,2024,6,United States,California
592758819,2,2024,3,Argentina,Paris
592783068,5,2024,7,United Kingdom,Paris
592792758,2,2024,7,France,Paris
592802690,5,2024,7,United Kingdom,Paris
592832273,5,2024,6,United States,California
592839676,5,2024,6,United States,California
592845643,3,2024,6,United States,Paris
592868638,5,2024,2,United States,California
592879493,5,2024,7,Australia,California
592894914,5,2024,7,Australia,California
592932392,5,2024,3,Iran,Paris
592936952,1,2024,6,Ireland,Paris
592998519,3,2024,7,United States,Paris
593045102,2,2024,7,United Kingdom,Paris
593072660,5,2024,4,United States,California
593074727,3,2024,7,United Kingdom,Paris
593092677,4,2024,7,United Kingdom,Paris
593096243,4,2024,7,United States,California
593116302,5,2024,6,Australia,California
593148395,5,2023,8,Indonesia,Paris
593193385,5,2024,7,Australia,California
593207276,3,2024,7,United Kingdom,Paris
593222503,1,2024,7,Russia,Paris
593243936,5,2024,7,Australia,HongKong
593260270,4,2024,1,Malaysia,HongKong
593303331,5,2024,6,United Arab Emirates,HongKong
593351928,5,2024,6,United Kingdom,Paris
593380084,3,2024,7,Australia,Paris
593404316,4,2024,6,Australia,HongKong
593404706,5,2024,7,United States,California
593415715,5,2024,7,United States,California
593475178,4,2024,7,South Africa,Paris
593478672,1,2024,7,Australia,Paris
593503414,5,2024,7,Australia,HongKong
593517476,5,2024,6,India,Paris
593538451,5,2024,6,United States,California
593564933,5,2024,7,Australia,Paris
593599779,4,2024,7,Italy,California
593600462,2,2024,7,United States,California
593610940,5,2024,7,United States,California
593632715,1,2024,6,United States,California
593633027,3,2024,3,Canada,HongKong
593635881,5,2024,6,United States,California
593637165,5,2024,7,United States,California
593637187,5,2024,5,United States,Paris
593665360,5,2024,7,United States,California
593706016,4,2024,7,United Kingdom,Paris
593715165,2,2024,7,United Kingdom,Paris
593743663,5,2024,4,Ukraine,Paris
593773557,5,2024,4,Romania,Paris
593879857,4,2024,6,New Zealand,California
593884381,5,2023,11,United States,California
593891649,2,2024,7,Australia,California
593969844,5,2024,7,Philippines,HongKong
594001245,4,2024,6,United Kingdom,Paris
594004339,4,2024,6,United Kingdom,Paris
594029826,5,2023,8,Greece,Paris
594051055,5,2024,6,United States,Paris
594084961,5,2024,6,Romania,Paris
594099257,5,2024,6,United Kingdom,Paris
594101690,5,2023,12,United States,California
594151089,2,2024,7,Canada,California
594151487,1,2024,7,United States,California
594162431,5,2024,7,Australia,HongKong
594176317,5,2024,7,United States,California
594176779,4,2024,7,United States,California
594180516,5,2024,7,United States,California
594182392,3,2024,6,United States,Paris
594190380,4,2024,7,United States,California
594215854,5,2024,7,United Kingdom,Paris
594225615,4,2024,7,Australia,HongKong
594257489,4,2024,7,United Kingdom,Paris
594258838,5,2024,7,Australia,California
594308178,3,2024,6,United Kingdom,Paris
594338669,5,2024,5,Canada,California
594344908,4,2024,6,United States,Paris
594381517,2,2024,6,United States,California
594386089,5,2024,7,Australia,Paris
594414102,4,2024,6,United Kingdom,Paris
594445344,5,2024,5,United States,California
594452017,4,2024,7,Canada,California
594454570,4,2024,7,United States,Paris
594461608,5,2024,7,Finland,HongKong
594495357,1,2024,7,France,Paris
594496883,5,2024,7,United States,California
594510725,5,2024,6,United States,California
594572002,4,2023,8,United States,California
594576076,4,2024,6,Canada,California
594582326,4,2024,5,United Kingdom,HongKong
594584155,5,2023,8,United States,California
594595952,5,2024,7,Mexico,California
594600472,5,2024,5,United Kingdom,Paris
594605077,3,2024,6,United States,Paris
594635274,4,2024,7,Canada,California
594653250,5,2024,7,Singapore,HongKong
594670321,5,2023,8,United States,California
594678872,3,2024,6,United States,Paris
594681153,2,2024,6,Hong Kong,HongKong
594687258,4,2024,6,Australia,HongKong
594693531,5,2024,7,United States,California
594694340,3,2024,1,Hong Kong,HongKong
594698482,5,2024,1,Malaysia,HongKong
594699050,4,2024,6,United States,Paris
594699390,3,2024,7,Australia,HongKong
594702323,4,2023,8,Taiwan,California
594702542,5,2024,7,United States,California
594705592,5,2024,7,Guam,California
594711919,5,2024,7,New Zealand,HongKong
594712008,4,2024,5,Philippines,HongKong
594715348,3,2023,12,United States,California
594718815,5,2024,7,United States,California
594719746,4,2024,7,United States,California
594719867,1,2024,7,Hong Kong,HongKong
594720729,4,2024,6,United States,California
594728316,4,2024,7,Hong Kong,HongKong
594756134,5,2024,7,United States,California
594759200,3,2024,6,Singapore,HongKong
594776138,4,2024,7,United States,HongKong
594776826,5,2024,6,Australia,HongKong
594787023,1,2024,6,India,Paris
594810037,4,2024,5,United Kingdom,Paris
594832530,5,2024,5,India,HongKong
594858516,3,2024,7,Australia,HongKong
594880137,5,2024,6,Lebanon,Paris
594887653,5,2023,9,United States,Paris
594902523,4,2024,7,Sweden,HongKong
594916560,4,2024,6,Malaysia,Paris
594918653,5,2024,3,United Kingdom,California
594979924,5,2024,7,Australia,California
595065876,1,2024,7,Australia,California
595080117,5,2024,7,United Kingdom,Paris
595082755,5,2024,7,Australia,Paris
595085797,5,2024,7,United States,California
595110834,4,2024,4,Singapore,California
595120790,5,2024,7,United States,California
595130917,4,2024,6,United Kingdom,HongKong
595138553,5,2024,7,United Kingdom,California
595147136,4,2024,7,India,HongKong
595162063,4,2024,7,United Kingdom,Paris
595163638,4,2024,7,Australia,HongKong
595216501,5,2024,7,United States,HongKong
595227719,5,2024,7,United Kingdom,Paris
595274988,5,2024,7,United States,California
595276758,2,2024,7,Barbados,HongKong
595278189,4,2024,7,United States,Paris
595326768,3,2024,6,United States,California
595349689,4,2024,6,United States,Paris
595362925,5,2024,7,United States,California
595369186,5,2024,6,United Kingdom,Paris
595379208,3,2024,7,Australia,HongKong
595384404,5,2024,7,United States,California
595385236,4,2024,7,United States,California
595435497,2,2024,7,United Kingdom,California
595436505,4,2024,2,Canada,California
595455564,5,2024,7,United States,California
595479022,5,2024,7,Philippines,HongKong
595520722,5,2024,7,Australia,HongKong
595531741,5,2024,6,Belgium,Paris
595540976,5,2023,8,United States,California
595576254,5,2024,6,United States,California
595584609,4,2024,4,United States,California
595604052,1,2024,7,South Africa,Paris
595628406,3,2024,6,United States,Paris
595660700,4,2024,7,United Kingdom,Paris
595704049,4,2024,7,Australia,HongKong
595705934,4,2024,2,Saudi Arabia,HongKong
595721658,5,2024,7,United States,California
595728364,5,2024,7,United States,California
595732296,3,2024,7,United Kingdom,HongKong
595759267,5,2024,4,United Kingdom,Paris
595779533,5,2024,1,Ireland,Paris
595780457,2,2024,7,South Africa,Paris
595799664,3,2024,7,Australia,HongKong
595820170,5,2024,7,United Kingdom,Paris
595824928,4,2024,2,United Kingdom,Paris
595831430,3,2024,7,Cyprus,Paris
595859442,5,2024,7,United States,California
595921107,5,2024,7,United Kingdom,Paris
595995373,5,2024,7,United States,HongKong
595998663,4,2024,7,United States,California
596033474,4,2024,6,Australia,California
596057353,5,2024,7,New Zealand,HongKong
596059699,5,2024,6,United States,California
596085147,5,2023,8,United Kingdom,Paris
596089069,4,2024,7,Ireland,Paris
596095711,5,2023,8,Australia,California
596178024,5,2023,12,India,HongKong
596195199,2,2024,7,Australia,California
596208809,1,2024,5,Norway,Paris
596218604,4,2024,5,United States,HongKong
596229905,5,2024,5,United Kingdom,Paris
596240457,5,2024,7,Ireland,Paris
596240566,5,2024,7,Indonesia,HongKong
596241298,5,2024,7,Canada,California
596253384,5,2024,7,United States,California
596259657,5,2024,7,United States,California
596267844,5,2024,7,Canada,California
596273025,5,2024,5,Hong Kong,HongKong
596273767,4,2024,7,Indonesia,HongKong
596280376,5,2024,7,United States,California
596336130,5,2024,6,United Kingdom,Paris
596350083,4,2024,7,United Kingdom,Paris
596359522,5,2024,7,United States,HongKong
596380448,5,2024,6,United States,California
596413118,5,2024,6,United Kingdom,HongKong
596441419,5,2024,6,Australia,California
596450591,4,2024,7,United States,California
596459626,5,2024,3,United Kingdom,Paris
596463530,2,2024,7,United States,California
596473220,5,2024,4,United Kingdom,Paris
596476243,4,2024,7,Norway,Paris
596492515,5,2024,7,United States,California
596524543,2,2024,7,Australia,HongKong
596533802,4,2024,7,United States,Paris
596557365,5,2024,7,Philippines,HongKong
596559352,5,2024,6,Australia,California
596573711,5,2024,7,Philippines,Paris
596598153,5,2024,6,Lebanon,Paris
596628380,2,2024,4,United Kingdom,Paris
596735422,2,2024,7,Denmark,Paris
596743843,5,2023,10,Hong Kong,HongKong
596776133,4,2024,6,United States,California
596799230,4,2024,7,United States,California
596839094,5,2024,7,United States,California
596842021,4,2024,7,Australia,HongKong
596860778,5,2024,7,United States,California
596871568,4,2024,7,United States,HongKong
596877172,2,2024,7,United States,California
596898437,3,2024,7,Saudi Arabia,California
597029478,5,2024,7,Canada,California
597041024,5,2024,4,Australia,California
597070865,5,2024,7,United Kingdom,California
597105095,4,2024,7,United States,California
597108903,4,2024,6,United States,Paris
597166906,5,2024,7,United States,California
597191079,5,2024,7,South Africa,Paris
597191526,5,2024,7,Netherlands,HongKong
597194831,5,2024,7,United States,California
597198606,5,2024,6,Germany,California
597216069,3,2024,7,United Kingdom,Paris
597230568,5,2023,9,Australia,California
597269679,4,2024,6,United Arab Emirates,Paris
597319930,5,2024,6,United Kingdom,California
597333903,2,2024,7,United Arab Emirates,Paris
597420897,5,2024,7,United Kingdom,Paris
597461955,5,2024,2,Canada,California
597467147,5,2024,7,United States,California
597478401,5,2024,7,Australia,California
597492921,4,2024,7,Australia,HongKong
597496846,1,2024,7,Australia,Paris
597505296,5,2024,7,Canada,California
597512353,3,2024,7,United States,HongKong
597514265,5,2024,6,Oman,HongKong
597515631,3,2024,7,United Kingdom,Paris
597520113,3,2024,7,Slovakia,Paris
597584800,5,2023,8,New Zealand,HongKong
597657119,5,2024,7,India,HongKong
597701396,5,2024,6,United Kingdom,Paris
597706794,3,2024,7,Chile,California
597712712,5,2024,7,New Zealand,Paris
597724225,2,2024,7,United Kingdom,Paris
597757878,5,2024,7,United States,California
597758748,4,2024,7,United States,California
597765161,5,2024,7,Indonesia,HongKong
597772796,5,2024,7,Italy,California
597803241,5,2024,7,Malaysia,HongKong
597807224,3,2024,7,Australia,HongKong
597815321,3,2024,7,Australia,Paris
597821841,5,2024,4,Australia,California
597825367,4,2023,8,Australia,HongKong
597893194,5,2024,6,United States,California
597912315,3,2024,7,United Kingdom,Paris
597954649,1,2024,7,United States,California
597960491,3,2024,7,United Kingdom,Paris
597963182,5,2024,7,New Zealand,California
597982303,3,2024,7,United States,Paris
597984413,5,2024,7,United States,California
598002920,5,2024,7,United States,California
598014946,5,2024,7,Canada,California
598020042,3,2024,7,United States,California
598023565,4,2024,7,United States,California
598027308,3,2024,7,United States,California
598030313,4,2024,7,Australia,California
598041132,5,2024,7,South Africa,HongKong
598045705,3,2024,6,United States,California
598047828,5,2024,7,United Arab Emirates,HongKong
598107533,5,2024,7,Australia,HongKong
598175146,1,2024,7,United States,California
598175388,4,2024,7,United States,California
598204381,5,2024,5,United States,California
598232489,4,2024,7,Germany,Paris
598280937,3,2024,7,United States,California
598330437,5,2024,7,Australia,HongKong
598337190,5,2024,7,Canada,California
598337637,3,2024,7,United Kingdom,Paris
598365048,5,2024,6,India,HongKong
598452293,4,2024,7,United States,HongKong
598461467,3,2024,7,Germany,Paris
598490129,5,2024,7,United States,California
598532437,5,2024,6,Hungary,Paris
598580579,5,2024,7,United Kingdom,Paris
598584049,5,2024,7,Ireland,Paris
598630861,3,2024,7,United Kingdom,Paris
598638365,4,2024,7,United States,California
598641233,5,2024,7,United States,California
598649283,5,2024,7,United States,California
598658423,5,2024,5,United States,California
598668030,4,2024,7,United Kingdom,California
598687435,5,2024,4,Thailand,HongKong
598708963,4,2024,6,United States,Paris
598758851,4,2024,7,South Africa,Paris
598772369,2,2024,7,Romania,Paris
598804335,3,2024,6,Oman,HongKong
598809669,5,2024,7,Canada,HongKong
598824798,5,2024,6,United States,California
598927001,5,2024,7,United States,California
598931666,5,2024,6,United States,California
598962419,5,2024,7,United States,California
599009601,5,2024,7,United States,California
599037229,4,2024,7,Canada,Paris
599043907,4,2024,6,United States,California
599047565,5,2024,7,United States,California
599054267,5,2024,6,Australia,HongKong
599090189,4,2024,7,Australia,HongKong
599091995,5,2024,6,United States,California
599106294,4,2024,7,United States,Paris
599122939,2,2024,7,United Kingdom,Paris
599236174,4,2024,7,Germany,California
599256920,5,2024,6,United Kingdom,HongKong
599305646,4,2023,12,United Kingdom,Paris
599310213,5,2024,7,United States,California
599318254,5,2024,7,United States,California
599330909,5,2024,7,United Kingdom,Paris
599411563,4,2024,7,United States,California
599417131,4,2024,7,United States,California
599421720,5,2024,7,Philippines,HongKong
599422690,5,2024,6,United States,California
599423763,5,2024,2,France,HongKong
599437943,5,2024,3,Australia,California
599441164,4,2024,7,Australia,California
599514403,5,2023,11,United Kingdom,Paris
599522861,4,2024,7,Australia,Paris
599540926,1,2024,7,United Kingdom,Paris
599569077,5,2024,7,United States,California
599600814,5,2024,7,Australia,California
599608004,5,2024,7,United States,California
599614540,5,2024,7,United Kingdom,Paris
599628200,5,2024,7,United Kingdom,Paris
599648203,5,2024,7,United States,California
599686738,3,2024,7,United States,California
599710773,2,2024,7,United States,California
599739026,5,2024,7,Canada,California
599750378,3,2024,7,United Kingdom,California
599761390,5,2024,7,United Kingdom,HongKong
599847948,5,2023,8,Uzbekistan,Paris
599849061,4,2024,6,China,Paris
599880269,3,2024,6,United States,California
599880350,5,2024,7,United Kingdom,California
599892429,5,2024,7,Australia,California
599938960,4,2024,7,United Arab Emirates,Paris
599950775,3,2024,7,United Kingdom,Paris
599970018,5,2024,7,United Kingdom,Paris
599979789,5,2024,7,United States,California
599986274,5,2024,7,United Kingdom,Paris
600009336,3,2024,7,Canada,Paris
600023714,5,2024,7,United States,California
600063796,5,2024,7,Australia,California
600064337,2,2024,7,United States,Paris
600074881,5,2024,7,United Kingdom,Paris
600097722,5,2023,10,India,HongKong
600160668,5,2024,7,Philippines,HongKong
600164076,5,2024,7,United Kingdom,California
600209925,1,2024,7,Canada,HongKong
600220500,5,2024,7,United States,Paris
600225336,4,2023,9,United States,HongKong
600240918,5,2024,7,United States,California
600278676,4,2024,7,United States,California
600295156,5,2024,5,U.S. Virgin Islands,California
600303198,1,2024,5,United States,California
600321349,5,2024,7,United Kingdom,California
600475703,5,2024,7,Sweden,California
600524649,4,2024,7,United Kingdom,Paris
600525552,4,2024,7,United Kingdom,Paris
600556372,2,2024,7,United States,Paris
600565694,4,2024,7,New Zealand,HongKong
600566005,3,2024,7,United States,California
600577640,5,2024,5,United States,California
600579861,4,2024,1,Australia,California
600598809,5,2024,7,United Kingdom,HongKong
600611756,5,2024,1,Hong Kong,HongKong
600662323,2,2024,7,United Kingdom,California
600669367,5,2024,6,Australia,California
600676840,4,2024,7,United States,California
600745986,2,2024,7,United Kingdom,Paris
600829292,2,2024,6,Italy,Paris
600832139,3,2024,7,France,HongKong
600873855,5,2024,6,United States,Paris
600999272,5,2024,6,India,HongKong
601012945,4,2024,7,United Kingdom,Paris
601040681,5,2024,7,Switzerland,Paris
601049701,4,2024,7,United Kingdom,Paris
601095766,5,2024,7,United Kingdom,Paris
601164666,5,2024,7,Puerto Rico,California
601210799,1,2024,7,France,Paris
601216627,5,2024,7,United States,California
601249718,4,2023,8,United Kingdom,Paris
601297871,2,2023,9,United States,California
601315894,4,2023,11,Macau,HongKong
601328919,5,2024,7,United States,California
601330488,5,2024,7,United States,California
601345881,5,2024,7,Australia,HongKong
601355416,5,2024,7,United Kingdom,Paris
601380608,5,2024,7,United Kingdom,Paris
601380611,5,2024,7,United Kingdom,Paris
601381122,4,2024,7,United Kingdom,Paris
601400968,3,2024,7,United Kingdom,Paris
601412720,4,2024,7,United Kingdom,Paris
601421921,2,2024,7,Belgium,Paris
601454415,5,2024,7,United Kingdom,Paris
601501440,5,2024,6,United States,California
601556535,5,2024,6,Australia,California
601586398,1,2024,7,United States,Paris
601604210,3,2024,7,Netherlands,Paris
601650226,3,2024,7,United States,California
601651411,5,2024,8,United Kingdom,HongKong
601653975,5,2024,8,Ireland,California
601666334,5,2024,2,Australia,HongKong
601685074,5,2024,7,United Kingdom,Paris
601710330,5,2024,8,United Kingdom,Paris
601827098,5,2024,7,Oman,Paris
601864148,5,2024,7,United States,California
601920346,5,2024,7,United Kingdom,Paris
601959321,5,2023,10,Indonesia,HongKong
601975845,4,2023,9,Singapore,HongKong
602080827,4,2024,7,United Kingdom,Paris
602115683,5,2024,6,United States,HongKong
602135489,5,2023,12,United States,California
602151777,5,2023,9,Indonesia,Paris
602155646,5,2024,6,United States,California
602195085,2,2024,7,United Kingdom,California
602205941,4,2024,7,Australia,California
602221005,5,2024,7,Australia,California
602248757,5,2024,7,Russia,California
602256290,3,2024,8,United Kingdom,HongKong
602276091,1,2024,7,United Arab Emirates,Paris
602279873,4,2024,7,Thailand,HongKong
602283012,4,2024,7,United Kingdom,Paris
602284785,4,2024,8,United Kingdom,Paris
602284978,4,2024,8,United Kingdom,Paris
602291903,5,2024,7,United Kingdom,Paris
602389962,5,2024,6,United States,California
602393605,3,2024,8,United Kingdom,California
602409987,4,2024,8,United States,California
602445999,5,2023,9,United States,Paris
602453162,5,2024,8,United Kingdom,Paris
602482304,4,2024,8,Denmark,Paris
602489018,5,2024,7,United Kingdom,California
602489822,4,2024,7,United States,Paris
602503376,5,2024,7,Canada,Paris
602504286,3,2024,8,United Kingdom,Paris
602535588,5,2024,8,United States,California
602570893,4,2024,7,United States,HongKong
602578967,4,2024,7,Australia,HongKong
602624727,5,2024,7,United Arab Emirates,HongKong
602634618,5,2024,7,United Kingdom,Paris
602664885,5,2024,8,United Kingdom,Paris
602720698,5,2024,8,India,HongKong
602745930,2,2024,7,United Kingdom,Paris
602774910,5,2024,7,United Kingdom,Paris
602778220,4,2024,4,United Kingdom,Paris
602781281,5,2024,8,United Kingdom,California
602821202,5,2024,7,United States,Paris
602827573,5,2024,7,Malta,Paris
602830896,3,2024,6,Australia,Paris
602876041,2,2024,8,Saudi Arabia,Paris
602896899,4,2024,8,United Kingdom,Paris
602899330,5,2024,8,Macau,HongKong
602943307,4,2024,8,United States,HongKong
602954212,4,2024,3,Germany,Paris
603013640,1,2024,8,United Kingdom,Paris
603020247,5,2024,7,Ireland,Paris
603029626,4,2023,11,United States,HongKong
603043824,1,2024,8,United Kingdom,Paris
603074080,5,2024,7,United States,California
603111669,5,2024,5,United States,California
603133215,4,2024,8,Spain,California
603148449,2,2024,7,United States,California
603171913,4,2024,7,United States,Paris
603174247,4,2024,8,United States,California
603179375,3,2024,7,United Kingdom,HongKong
603186563,5,2024,7,China,HongKong
603247045,5,2024,7,Australia,Paris
603259159,5,2024,8,United States,California
603275546,3,2024,7,Canada,California
603324824,5,2024,8,Australia,California
603345776,5,2024,7,United Kingdom,Paris
603365154,4,2024,7,United Kingdom,Paris
603375941,4,2024,7,United States,Paris
603377174,4,2023,9,United States,California
603395786,4,2024,7,United States,California
603396251,5,2024,8,United States,California
603411477,4,2024,6,India,Paris
603484930,5,2024,8,United Kingdom,Paris
603494528,5,2024,7,United Kingdom,Paris
603509049,3,2024,8,Romania,Paris
603527492,5,2024,8,Australia,California
603542592,5,2024,4,United Kingdom,Paris
603550250,4,2024,6,United Kingdom,Paris
603578635,3,2023,9,Australia,HongKong
603597793,5,2024,7,United States,California
603635647,4,2024,4,Australia,California
603641404,4,2024,7,United States,California
603657975,5,2024,6,Canada,California
603658549,4,2024,7,Australia,HongKong
603684918,4,2023,12,United States,HongKong
603689683,4,2023,9,Indonesia,HongKong
603690331,5,2023,9,Indonesia,HongKong
603719147,5,2024,1,India,HongKong
603749831,5,2024,7,Canada,California
603777201,3,2024,8,United Kingdom,Paris
603805322,5,2024,7,United Kingdom,Paris
603879913,5,2024,5,United Arab Emirates,HongKong
603903279,4,2024,7,Vietnam,California
603914623,4,2024,7,Israel,California
603924126,5,2024,7,Sweden,Paris
603960206,5,2024,7,United Kingdom,California
603965791,4,2024,7,United Kingdom,Paris
603999795,5,2023,9,Brazil,California
604002001,5,2024,3,United Kingdom,Paris
604054681,5,2023,12,United States,California
604075777,5,2024,8,France,California
604083308,5,2024,7,United Kingdom,Paris
604089676,2,2024,8,United States,California
604124017,3,2024,2,Kuwait,HongKong
604125182,5,2023,12,Mexico,California
604133419,5,2024,6,Canada,California
604143137,5,2024,8,United Kingdom,California
604158265,3,2024,8,United States,California
604189413,5,2024,8,Switzerland,Paris
604250513,5,2024,6,Australia,California
604254499,3,2024,8,Netherlands,Paris
604269887,2,2024,8,United Kingdom,Paris
604273223,5,2024,8,United Kingdom,Paris
604310171,1,2024,8,United Kingdom,Paris
604320049,5,2024,8,United States,California
604356501,4,2024,8,United Kingdom,Paris
604389690,4,2024,8,United Kingdom,Paris
604407437,2,2024,7,United Kingdom,California
604440691,3,2024,8,United States,California
604444408,5,2024,8,United Kingdom,Paris
604453262,5,2024,7,Canada,California
604480843,5,2024,8,United States,California
604493525,3,2024,7,United States,California
604501263,4,2024,7,Australia,California
604669818,4,2024,7,United States,California
604721761,4,2024,3,South Africa,HongKong
604725232,3,2024,8,Netherlands,Paris
604734706,4,2024,8,United States,California
604741276,5,2024,8,United Kingdom,Paris
604838645,5,2024,7,Australia,California
604919906,4,2024,5,South Africa,HongKong
604932417,3,2024,8,United Arab Emirates,California
604960810,4,2024,7,India,HongKong
604991207,4,2024,8,United Kingdom,Paris
605002592,3,2024,8,United Arab Emirates,Paris
605005867,5,2024,8,Israel,HongKong
605011976,5,2024,6,Taiwan,California
605017019,3,2024,7,United Kingdom,Paris
605036499,5,2023,9,Philippines,HongKong
605072897,5,2024,7,Norway,HongKong
605082371,4,2024,7,United States,California
605096477,4,2024,8,United Kingdom,Paris
605115054,5,2024,8,United Kingdom,Paris
605121066,5,2024,8,United States,California
605131489,4,2024,8,Germany,Paris
605148350,4,2024,7,United States,HongKong
605176273,1,2024,8,United States,California
605181121,3,2024,8,Philippines,Paris
605245996,4,2024,7,Australia,HongKong
605279941,5,2023,9,United Kingdom,Paris
605299762,3,2024,8,United Arab Emirates,HongKong
605317359,5,2024,8,Saudi Arabia,HongKong
605400412,4,2024,8,United Kingdom,Paris
605400713,5,2024,8,United States,California
605420048,5,2024,3,United States,California
605427683,5,2024,8,United Kingdom,Paris
605480573,5,2024,8,Bahrain,California
605515945,3,2024,8,United Kingdom,Paris
605528963,5,2024,8,United Kingdom,Paris
605561824,5,2024,8,Australia,California
605563128,5,2024,7,United Kingdom,Paris
605632958,5,2024,8,United States,California
605675379,5,2024,8,Malta,Paris
605697630,5,2024,7,United Kingdom,Paris
605697682,5,2024,4,United Kingdom,Paris
605708431,5,2024,2,United Kingdom,California
605716956,5,2024,8,United States,Paris
605791079,5,2024,7,United States,California
605793740,2,2024,8,Israel,Paris
605799789,1,2024,2,United States,Paris
605814920,5,2024,6,United Arab Emirates,HongKong
605815896,3,2024,8,United Kingdom,California
605824042,4,2023,9,Canada,California
605841296,5,2023,10,Singapore,HongKong
605864418,5,2024,8,Canada,California
605905403,4,2024,8,United Kingdom,Paris
605917682,5,2024,8,United Kingdom,Paris
605962550,5,2024,5,South Africa,HongKong
605965221,5,2024,7,United Kingdom,Paris
605978590,3,2024,8,Canada,Paris
606000395,5,2024,7,United States,California
606024520,5,2023,9,United Kingdom,Paris
606067089,5,2024,8,United Kingdom,California
606070688,2,2024,7,United States,HongKong
606117019,3,2024,8,Colombia,HongKong
606168992,2,2024,8,Singapore,HongKong
606211287,1,2024,8,United Kingdom,California
606236969,5,2023,9,United Kingdom,Paris
606245481,5,2024,8,Hong Kong,HongKong
606266865,2,2024,8,United Kingdom,HongKong
606269626,5,2023,9,Ireland,Paris
606315026,3,2024,8,United Kingdom,Paris
606319651,5,2024,8,United Kingdom,Paris
606439549,2,2024,8,United Kingdom,Paris
606457425,5,2024,8,Romania,California
606468186,4,2024,7,Canada,Paris
606538660,4,2024,8,United States,California
606564906,3,2024,8,Australia,HongKong
606569711,5,2024,8,United Kingdom,Paris
606587111,3,2024,7,South Africa,HongKong
606607511,3,2024,8,United Kingdom,Paris
606612291,5,2024,8,United Kingdom,Paris
606634498,4,2024,8,United Kingdom,Paris
606663059,5,2024,7,Australia,California
606696479,5,2024,8,United States,California
606844266,5,2024,7,United States,HongKong
606856219,5,2024,8,United States,California
606875930,3,2024,8,New Zealand,California
606904235,5,2024,8,South Africa,HongKong
606997669,5,2024,8,France,Paris
607020717,5,2024,8,United Kingdom,California
607052827,5,2024,8,United Kingdom,Paris
607064057,5,2024,8,United Kingdom,Paris
607106917,4,2024,8,United Kingdom,California
607107575,4,2024,8,United States,California
607154901,5,2024,8,United States,California
607159550,5,2024,8,United Kingdom,California
607190939,4,2024,8,New Zealand,HongKong
607203304,4,2024,8,United States,HongKong
607219937,4,2024,8,Portugal,Paris
607234908,4,2024,8,Indonesia,California
607364138,4,2024,8,United States,California
607421526,4,2024,8,United Kingdom,Paris
607445315,3,2024,6,United States,California
607453841,3,2024,8,United Kingdom,Paris
607471769,4,2024,8,Spain,Paris
607509931,5,2024,4,Australia,California
607528996,4,2024,7,Australia,HongKong
607546941,2,2024,8,Thailand,HongKong
607644382,5,2024,8,United States,California
607684384,5,2024,8,United Kingdom,California
607697805,4,2024,8,Canada,California
607732296,4,2024,4,Sweden,HongKong
607794284,4,2024,8,United States,California
607816814,2,2024,8,Portugal,Paris
607820420,1,2024,8,United States,California
607834240,5,2024,8,Australia,California
607861598,2,2024,8,United States,Paris
607862846,5,2023,9,Australia,HongKong
607883860,1,2024,8,Israel,Paris
607922977,3,2024,8,United Kingdom,Paris
607926926,1,2024,8,Australia,Paris
608010185,5,2024,8,United Kingdom,Paris
608012823,5,2024,8,United States,California
608027619,4,2024,8,United Kingdom,Paris
608059099,3,2024,8,United Kingdom,Paris
608078446,3,2024,8,United Kingdom,Paris
608122210,5,2024,8,United Kingdom,Paris
608132968,5,2024,8,United States,California
608153253,5,2024,8,United States,California
608155012,5,2023,10,Israel,HongKong
608189325,2,2023,9,Hong Kong,HongKong
608193440,5,2024,7,Mexico,Paris
608197279,3,2024,8,Spain,Paris
608214885,5,2024,8,New Zealand,California
608215076,4,2023,9,Canada,Paris
608227981,3,2024,7,United States,California
608250678,5,2024,7,United Arab Emirates,HongKong
608263107,5,2024,8,United States,HongKong
608308392,4,2024,7,New Zealand,HongKong
608312838,5,2024,7,Indonesia,HongKong
608357153,1,2024,8,United Kingdom,Paris
608379164,3,2024,8,United Kingdom,Paris
608475522,4,2024,8,United Kingdom,HongKong
608476242,5,2024,8,United States,California
608491116,5,2024,8,United States,California
608497862,5,2024,8,United Arab Emirates,HongKong
608506871,5,2024,8,United Kingdom,Paris
608525355,4,2024,8,United States,California
608527935,5,2024,8,United States,California
608555046,5,2024,7,United States,California
608557842,5,2024,8,United States,California
608620662,4,2024,8,United Kingdom,Paris
608638410,4,2024,7,United States,California
608644960,4,2024,8,United States,California
608674710,5,2024,8,Malaysia,HongKong
608689465,5,2024,8,Canada,California
608705212,5,2024,4,United Kingdom,Paris
608708841,4,2024,8,United Kingdom,HongKong
608713220,4,2024,5,United Kingdom,Paris
608726524,5,2024,8,Philippines,HongKong
608728360,1,2024,8,United Kingdom,Paris
608771616,2,2024,8,Israel,HongKong
608834202,1,2024,8,United Kingdom,Paris
608891521,4,2024,8,Netherlands,California
608914875,4,2024,8,United Kingdom,Paris
608916165,4,2024,8,Hong Kong,HongKong
608964565,5,2024,8,United Kingdom,Paris
608989789,4,2024,7,United States,California
609006793,1,2024,8,United Kingdom,Paris
609017374,5,2024,8,United States,California
609022885,5,2024,8,Australia,HongKong
609038112,4,2024,8,United States,Paris
609052855,5,2024,8,United Kingdom,California
609062554,3,2023,9,United States,HongKong
609068890,5,2024,8,United Kingdom,California
609088990,5,2024,8,United Kingdom,Paris
609103428,5,2023,10,Bahrain,Paris
609248471,1,2024,8,United States,California
609272164,5,2024,8,United Kingdom,Paris
609312946,5,2024,8,United Kingdom,Paris
609356754,5,2024,7,United Kingdom,California
609356988,5,2024,8,United States,HongKong
609365424,4,2024,8,Greece,California
609401410,5,2023,12,Philippines,HongKong
609405825,5,2024,8,United Kingdom,California
609408417,3,2024,8,Australia,Paris
609410538,4,2024,8,Australia,HongKong
609498335,2,2024,7,Mexico,California
609525934,3,2024,8,Canada,Paris
609576396,4,2024,8,United States,California
609601608,5,2024,8,United Kingdom,Paris
609646272,2,2024,8,United Kingdom,Paris
609668209,5,2024,6,United States,California
609693728,5,2024,8,United States,Paris
609697401,1,2024,8,United Kingdom,Paris
609708656,3,2024,4,Hong Kong,HongKong
609718036,5,2024,8,India,HongKong
609724278,5,2024,8,United States,California
609724848,3,2024,7,India,Paris
609766533,5,2023,12,Singapore,HongKong
609813889,5,2024,2,United Kingdom,California
609857950,5,2024,8,United States,Paris
609866275,1,2024,8,Australia,Paris
609874792,5,2024,7,United Kingdom,California
609879913,5,2024,6,Serbia,Paris
609894470,5,2024,5,India,Paris
609907349,5,2024,8,Canada,California
609909660,2,2024,8,Cyprus,Paris
609938426,5,2024,8,United States,California
609942352,5,2024,8,Canada,California
609954541,5,2024,8,United Kingdom,Paris
609973704,5,2024,8,United States,California
609980019,4,2024,8,Qatar,Paris
610044454,4,2023,10,Australia,HongKong
610077303,5,2024,6,Oman,Paris
610077697,3,2024,8,Israel,Paris
610094119,4,2024,8,United Arab Emirates,California
610094401,5,2024,8,United Kingdom,Paris
610111066,5,2024,8,United Kingdom,Paris
610189010,5,2024,8,Canada,HongKong
610192297,5,2024,8,United Kingdom,Paris
610211036,5,2024,8,United States,California
610219410,5,2024,8,Australia,California
610237291,4,2024,8,United States,California
610238462,5,2024,8,United States,California
610239096,5,2024,8,Canada,California
610266089,5,2024,8,United Kingdom,California
610278004,3,2024,8,United Kingdom,Paris
610307223,4,2024,8,United Kingdom,California
610309146,5,2024,8,United Kingdom,Paris
610316492,5,2024,8,Netherlands,Paris
610325210,5,2024,7,United Kingdom,Paris
610367529,4,2024,8,Romania,Paris
610373441,5,2024,8,South Korea,HongKong
610376787,5,2024,8,Australia,Paris
610396382,5,2024,8,United Kingdom,Paris
610413178,3,2024,8,Oman,HongKong
610426853,5,2024,8,United Kingdom,Paris
610547304,4,2024,3,United Kingdom,California
610579087,5,2024,8,Canada,California
610588527,4,2024,8,Australia,Paris
610624351,5,2024,8,United Kingdom,Paris
610681101,4,2024,8,United States,California
610692446,4,2024,8,United States,California
610724350,5,2024,7,United Kingdom,California
610739326,3,2024,3,Belgium,Paris
610741790,5,2024,8,Australia,California
610756728,5,2024,8,United Kingdom,Paris
610768731,5,2024,8,United Kingdom,Paris
610782583,5,2023,12,Hong Kong,HongKong
610793970,5,2024,8,United Kingdom,Paris
610859659,5,2024,8,United Kingdom,HongKong
610891774,3,2024,8,United Kingdom,Paris
610895696,4,2023,10,Austria,HongKong
610988959,5,2024,8,United States,California
611016620,2,2024,8,Kuwait,California
611025637,5,2024,8,United States,California
611026805,4,2024,8,United Kingdom,Paris
611028103,3,2024,8,United States,Paris
611029647,4,2024,7,United States,California
611102443,3,2024,8,United Kingdom,Paris
611106294,5,2024,8,United States,California
611117775,4,2024,8,United Kingdom,Paris
611140172,5,2024,8,United States,California
611153427,5,2024,8,United States,California
611180028,4,2024,8,United Kingdom,Paris
611204424,5,2024,8,United Kingdom,California
611210552,5,2023,11,United States,California
611214083,1,2023,9,United States,California
611246355,4,2023,9,Hong Kong,HongKong
611246894,5,2023,11,United States,California
611257446,5,2024,8,New Zealand,HongKong
611272766,5,2024,5,United States,California
611273018,5,2024,8,Philippines,HongKong
611279540,5,2024,7,United States,California
611282325,5,2024,8,United Kingdom,Paris
611283739,5,2024,6,United States,California
611291214,5,2024,8,Japan,HongKong
611302812,3,2023,9,Singapore,Paris
611304998,4,2023,9,Hong Kong,HongKong
611346648,4,2024,8,United Kingdom,Paris
611408584,5,2024,6,United Kingdom,Paris
611414876,4,2023,10,Hong Kong,HongKong
611423833,3,2024,8,Singapore,HongKong
611429221,5,2024,8,United Kingdom,Paris
611506887,4,2023,11,India,HongKong
611547378,5,2024,7,United States,California
611608048,3,2024,8,United States,California
611613195,4,2024,7,United Kingdom,HongKong
611615811,5,2024,7,United States,California
611625110,5,2024,8,United Kingdom,Paris
611625920,5,2024,8,United Kingdom,California
611670826,4,2024,8,United Kingdom,Paris
611693570,3,2024,7,United Kingdom,Paris
611702563,5,2024,8,United Kingdom,Paris
611714780,3,2024,8,United States,California
611756743,5,2024,8,United States,California
611759116,5,2024,8,United States,California
611892744,4,2024,8,United Arab Emirates,HongKong
611919425,4,2024,8,Macau,HongKong
611923467,4,2024,8,Australia,Paris
611941224,2,2024,8,United States,California
611967608,4,2023,9,New Zealand,Paris
611989955,5,2024,8,United Kingdom,Paris
611998362,5,2024,8,United States,California
612006715,5,2024,8,United States,California
612033773,5,2024,8,United States,California
612050118,5,2024,4,United States,California
612104262,4,2024,8,United States,California
612117559,5,2024,8,United States,California
612125396,1,2024,8,United Kingdom,Paris
612163919,5,2024,8,United Kingdom,Paris
612181235,5,2024,8,United Kingdom,Paris
612212885,3,2024,8,India,HongKong
612213096,4,2024,8,United Kingdom,Paris
612234209,1,2024,8,United Kingdom,Paris
612301758,3,2024,8,United Kingdom,HongKong
612385978,4,2024,8,United Kingdom,Paris
612392318,4,2024,8,United States,Paris
612412191,4,2024,8,Antigua and Barbuda,Paris
612418047,5,2024,8,United Kingdom,Paris
612439503,4,2024,8,United States,California
612442037,1,2024,8,United States,California
612442998,5,2023,9,Indonesia,HongKong
612464366,1,2024,8,United Kingdom,Paris
612507911,5,2024,8,Nigeria,Paris
612515428,5,2024,5,Indonesia,HongKong
612537737,3,2023,9,Malaysia,Paris
612552280,5,2024,8,United Kingdom,Paris
612597948,3,2024,8,United States,Paris
612616356,5,2024,8,United Kingdom,Paris
612629669,4,2024,8,United Kingdom,Paris
612642106,5,2023,9,United Kingdom,Paris
612682999,5,2024,8,United Kingdom,Paris
612711804,5,2024,8,United Kingdom,Paris
612731090,1,2024,8,United Kingdom,Paris
612740371,5,2024,8,United States,California
612747519,5,2023,10,Australia,California
612787561,4,2024,8,Australia,HongKong
612790407,2,2024,9,United Kingdom,Paris
612856622,5,2023,11,United States,California
612902002,5,2024,9,United Kingdom,Paris
612929975,5,2024,8,United States,HongKong
612931046,5,2024,5,Oman,HongKong
612947878,5,2024,8,Germany,California
612961135,5,2024,8,United Kingdom,California
612973590,5,2023,11,Canada,California
612973822,4,2024,8,United States,HongKong
612980848,2,2024,8,United Kingdom,Paris
612987131,5,2024,8,United States,California
612987891,3,2024,9,United States,California
613015041,5,2024,8,United States,California
613021545,5,2024,5,Canada,HongKong
613044968,5,2023,10,New Zealand,HongKong
613058456,2,2024,8,Russia,Paris
613064904,5,2024,6,United Kingdom,Paris
613079314,5,2024,9,United States,California
613174875,5,2024,8,United States,California
613183155,2,2024,9,Puerto Rico,California
613208111,4,2024,9,United States,California
613225635,4,2024,8,India,Paris
613229590,5,2024,8,United States,California
613262849,3,2024,9,United Kingdom,Paris
613286699,4,2024,8,United Kingdom,Paris
613328914,4,2024,8,Australia,California
613330166,5,2024,9,Australia,California
613339954,5,2024,7,Sri Lanka,HongKong
613341015,5,2024,8,Malaysia,HongKong
613346388,4,2024,9,United Kingdom,Paris
613402752,3,2024,9,United Kingdom,Paris
613414484,5,2024,9,United Kingdom,HongKong
613422820,4,2024,8,United Kingdom,Paris
613441895,2,2024,6,United Kingdom,Paris
613450988,4,2024,8,United Kingdom,Paris
613480019,5,2024,8,Philippines,HongKong
613540560,4,2024,8,Canada,California
613543413,4,2024,8,United Kingdom,Paris
613552262,5,2024,9,India,HongKong
613583543,5,2023,10,United States,California
613647309,4,2024,8,United States,California
613666827,3,2024,8,United States,California
613671514,5,2023,10,United States,California
613671608,5,2024,9,Germany,Paris
613671824,4,2024,8,Sweden,Paris
613681011,3,2024,9,United States,California
613687070,5,2024,8,United States,California
613692604,5,2023,12,United States,California
613715473,2,2024,8,New Zealand,HongKong
613742860,3,2024,8,United Kingdom,Paris
613761495,1,2024,8,United Kingdom,Paris
613828280,4,2024,9,United States,California
613870841,1,2024,8,United Kingdom,California
613882503,5,2024,9,United States,California
613898147,2,2024,9,United Kingdom,Paris
613921881,2,2024,8,Australia,HongKong
613927744,5,2024,9,Sri Lanka,California
613979892,4,2024,9,United Kingdom,Paris
613999698,4,2024,8,United Kingdom,Paris
614021288,5,2023,11,Indonesia,HongKong
614031352,5,2024,9,Germany,Paris
614089042,3,2024,1,Switzerland,Paris
614154460,5,2024,2,Philippines,HongKong
614191116,5,2024,9,United Kingdom,Paris
614198929,5,2024,9,Spain,Paris
614211255,1,2024,6,Brazil,Paris
614217596,5,2024,9,United Kingdom,HongKong
614233839,5,2023,10,Australia,California
614241276,3,2024,9,New Zealand,HongKong
614275898,5,2023,3,United Kingdom,Paris
614398963,3,2024,9,United Kingdom,Paris
614438536,5,2024,8,United Kingdom,California
614442646,3,2024,8,United States,Paris
614445444,3,2024,8,United Kingdom,California
614455738,3,2023,10,United States,HongKong
614501249,5,2024,6,Australia,HongKong
614595141,5,2024,7,United Kingdom,Paris
614659390,5,2024,9,United Kingdom,Paris
614666241,5,2024,8,United States,Paris
614678408,3,2024,9,United States,California
614705865,5,2024,9,Iran,Paris
614707606,5,2024,9,Australia,California
614711864,5,2024,8,United States,California
614741477,5,2024,4,Singapore,HongKong
614767856,3,2024,9,Australia,Paris
614800685,4,2024,4,South Africa,Paris
614892974,4,2024,7,Saudi Arabia,HongKong
614905377,5,2024,2,Belgium,Paris
614908077,4,2024,7,Israel,Paris
614934194,5,2024,3,United Kingdom,Paris
614946528,5,2024,6,United States,California
614973440,5,2024,9,Australia,HongKong
614974565,5,2024,9,India,HongKong
614974999,4,2024,9,Singapore,HongKong
614992448,5,2024,9,United Kingdom,Paris
615003560,5,2024,8,United Kingdom,Paris
615010171,4,2024,8,United States,California
615022892,4,2024,3,Australia,HongKong
615024360,5,2024,7,United Kingdom,Paris
615039719,3,2024,8,United Kingdom,Paris
615064889,1,2024,8,United Kingdom,Paris
615120883,2,2024,9,United Kingdom,Paris
615139075,1,2024,8,United Kingdom,HongKong
615262846,4,2024,8,United Kingdom,Paris
615407672,5,2024,9,United Kingdom,Paris
615451159,4,2024,9,Australia,California
615460211,5,2024,9,United States,California
615492475,4,2024,9,United Kingdom,Paris
615510722,4,2024,9,United Kingdom,Paris
615520990,5,2024,9,United Kingdom,Paris
615560098,4,2024,9,Malaysia,HongKong
615587890,4,2024,9,China,HongKong
615600003,5,2024,9,United Kingdom,Paris
615612909,5,2024,8,United Arab Emirates,Paris
615613632,5,2024,5,Philippines,HongKong
615613704,5,2024,9,United Kingdom,Paris
615617067,5,2024,9,United Kingdom,Paris
615655061,4,2024,9,Portugal,Paris
615666683,1,2024,8,United Kingdom,Paris
615695705,5,2024,9,Hong Kong,HongKong
615735872,4,2024,2,Hong Kong,HongKong
615759278,4,2024,9,United States,HongKong
615834962,5,2024,9,New Zealand,Paris
615852209,5,2024,9,New Zealand,California
615985101,2,2024,9,Czechia,Paris
615986498,5,2024,9,Philippines,HongKong
616019929,5,2024,9,United States,California
616025653,5,2024,9,United States,California
616035031,4,2024,9,Italy,Paris
616038030,5,2024,9,Australia,California
616048219,5,2024,9,United Kingdom,Paris
616087555,4,2024,8,United States,HongKong
616087859,5,2024,9,United States,California
616100531,4,2024,8,Malaysia,HongKong
616143206,5,2024,9,Malaysia,HongKong
616206982,5,2024,3,United States,Paris
616243694,5,2023,10,France,Paris
616265585,5,2024,9,United States,Paris
616282615,1,2024,9,United States,California
616291381,4,2024,8,Belgium,Paris
616315330,5,2024,9,United States,Paris
616325621,5,2024,9,United Kingdom,California
616335588,5,2024,9,United States,California
616344279,5,2024,9,India,California
616348932,4,2024,9,Australia,HongKong
616363258,5,2024,9,United States,HongKong
616413011,3,2024,8,United States,Paris
616455603,3,2024,9,United States,Paris
616462008,2,2024,9,Canada,Paris
616527329,5,2023,10,United Arab Emirates,HongKong
616558261,5,2023,10,United Kingdom,Paris
616572643,5,2024,9,United States,California
616680899,4,2024,8,Lebanon,Paris
616706678,5,2024,9,United Kingdom,Paris
616709789,5,2024,9,Australia,HongKong
616714328,5,2024,9,United Kingdom,Paris
616716777,5,2024,9,Ireland,Paris
616740552,5,2024,9,United Kingdom,Paris
616762994,2,2024,9,Hong Kong,HongKong
616811906,5,2024,9,United States,California
616889621,4,2024,8,Jordan,Paris
616936651,5,2023,12,Indonesia,HongKong
617044827,5,2024,7,Ireland,California
617058901,5,2024,9,United States,California
617078080,4,2024,9,United Kingdom,HongKong
617110599,5,2024,9,Australia,HongKong
617116434,5,2024,9,United States,California
617158854,3,2024,9,United States,California
617221958,4,2024,9,United Kingdom,Paris
617265870,5,2024,9,Australia,Paris
617363818,5,2024,9,United States,California
617393772,5,2024,9,United Kingdom,Paris
617475370,5,2024,3,Australia,California
617503186,5,2023,12,United States,California
617503643,5,2024,9,Australia,California
617509078,3,2024,8,Canada,Paris
617518135,3,2024,9,Netherlands,Paris
617540725,3,2024,8,United Arab Emirates,HongKong
617553209,5,2024,8,United Kingdom,HongKong
617605641,5,2024,4,Australia,California
617621487,5,2023,10,United States,California
617632404,3,2024,8,Italy,California
617717028,5,2024,9,Australia,Paris
617749514,4,2024,9,Singapore,HongKong
617772316,5,2024,8,United Kingdom,Paris
617804353,5,2024,4,Australia,California
617825096,3,2024,9,Malaysia,HongKong
617875398,4,2023,10,Netherlands,Paris
617941548,5,2024,9,Spain,Paris
618006111,3,2024,9,United Kingdom,Paris
618026879,5,2024,9,Israel,Paris
618029488,4,2024,9,United Kingdom,Paris
618046367,2,2024,5,United Kingdom,HongKong
618076912,1,2024,9,Philippines,HongKong
618090199,5,2024,8,India,HongKong
618119261,3,2024,8,United Kingdom,HongKong
618121010,5,2023,12,Philippines,California
618122302,5,2024,9,Portugal,Paris
618172571,2,2024,8,United States,California
618186967,4,2024,9,United Kingdom,California
618223039,3,2023,11,United States,California
618246295,1,2024,9,United States,California
618295148,5,2024,9,United States,California
618298947,5,2023,10,Australia,California
618317714,5,2024,7,India,HongKong
618331685,4,2024,9,United States,California
618334708,5,2024,9,Australia,Paris
618350301,3,2024,9,United Kingdom,HongKong
618386048,4,2024,5,Australia,HongKong
618427698,5,2024,9,Canada,Paris
618430904,5,2024,9,New Zealand,California
618444609,5,2024,9,Canada,California
618505655,5,2024,4,United States,California
618522267,4,2024,9,United Arab Emirates,HongKong
618549429,4,2024,8,Thailand,HongKong
618622171,4,2023,10,United Kingdom,Paris
618622899,5,2023,11,Hong Kong,HongKong
618636583,4,2024,9,United Kingdom,Paris
618642555,5,2024,9,United Kingdom,Paris
618704116,5,2024,9,United Kingdom,Paris
618747817,5,2024,1,Singapore,HongKong
618749848,5,2024,7,United States,California
618758330,4,2024,8,Australia,HongKong
618777928,5,2024,4,Singapore,HongKong
618810435,5,2024,9,Iran,Paris
618848461,5,2024,6,Singapore,HongKong
618886941,5,2024,9,Egypt,Paris
618896999,4,2024,8,United States,HongKong
618897720,1,2024,9,United Kingdom,Paris
618900124,5,2024,9,Ireland,Paris
618935209,5,2024,5,Portugal,Paris
618937876,3,2024,9,United States,California
618961957,5,2024,9,United Kingdom,Paris
618963245,5,2024,9,Netherlands,Paris
619012193,5,2023,12,Australia,California
619016305,5,2024,4,United States,California
619045129,5,2024,9,United Arab Emirates,HongKong
619073895,5,2024,8,Australia,California
619102029,4,2024,9,United States,HongKong
619149101,5,2024,9,Australia,California
619200947,5,2024,9,Canada,California
619238894,1,2024,9,United States,California
619279181,1,2024,9,United States,California
619299691,5,2024,9,New Zealand,California
619302453,5,2023,10,Australia,HongKong
619305739,5,2024,9,United Kingdom,California
619321456,5,2024,9,United States,California
619340303,5,2024,8,Malta,California
619346082,4,2024,9,United Kingdom,Paris
619379349,4,2024,9,United Kingdom,Paris
619461372,4,2024,7,United States,HongKong
619464525,5,2024,9,United States,HongKong
619466210,5,2024,7,Singapore,HongKong
619469378,5,2024,5,Netherlands,Paris
619521483,5,2023,10,Malaysia,HongKong
619531830,5,2024,9,United Kingdom,Paris
619542354,4,2024,9,Australia,Paris
619549813,4,2024,8,Canada,California
619631589,5,2024,7,Malaysia,HongKong
619662500,5,2024,9,United States,California
619736837,4,2024,9,United Kingdom,Paris
619760967,5,2024,9,United States,California
619783696,4,2024,9,Macau,HongKong
619788784,3,2024,9,United Kingdom,Paris
619821190,5,2024,9,United States,California
619868710,3,2024,9,United Arab Emirates,Paris
619873160,3,2024,9,United States,Paris
619876833,4,2024,4,Australia,HongKong
619878496,5,2024,7,United States,California
619893287,2,2024,9,United States,California
619945424,5,2024,9,United Kingdom,Paris
619973326,2,2024,9,Israel,Paris
619980807,5,2024,9,United Kingdom,HongKong
620004591,5,2024,9,United States,California
620028803,5,2024,9,Australia,California
620030540,5,2024,9,United States,California
620062113,4,2024,9,United States,California
620088793,5,2024,6,United States,California
620110775,2,2024,9,United Arab Emirates,California
620116037,3,2024,9,United Kingdom,Paris
620201737,4,2024,9,Taiwan,HongKong
620234087,4,2024,9,Singapore,California
620248734,4,2024,9,United Kingdom,Paris
620279782,4,2024,9,United Kingdom,Paris
620288998,5,2024,9,United States,California
620351910,3,2024,8,Australia,Paris
620352169,5,2024,9,Hong Kong,HongKong
620356181,4,2024,9,Australia,California
620389712,3,2023,11,India,HongKong
620412199,4,2024,9,Australia,HongKong
620440263,5,2024,8,United Kingdom,Paris
620456997,5,2024,9,Australia,California
620491395,2,2024,9,Vietnam,HongKong
620535849,4,2024,9,Australia,California
620574886,4,2024,9,United States,California
620582661,2,2024,9,United States,HongKong
620608307,5,2024,9,United Kingdom,Paris
620629064,5,2024,6,India,Paris
620715316,3,2024,8,United Kingdom,Paris
620772597,4,2024,5,France,HongKong
620788306,5,2024,2,Australia,Paris
620795904,5,2024,9,United States,California
620823157,5,2023,10,Australia,California
620846439,5,2024,9,New Zealand,California
620866931,1,2024,9,United States,California
620911243,3,2023,11,India,HongKong
620944353,3,2024,10,Hong Kong,HongKong
621027918,3,2024,10,Croatia,HongKong
621042179,4,2023,11,Australia,Paris
621043622,5,2023,11,Australia,California
621066074,5,2024,9,United States,Paris
621074707,5,2024,8,United States,Paris
621103524,4,2024,9,United Kingdom,Paris
621134183,5,2024,8,United Kingdom,Paris
621166799,5,2024,6,Australia,California
621185131,5,2024,9,Singapore,HongKong
621228157,4,2024,9,South Africa,HongKong
621287925,4,2024,10,United Kingdom,Paris
621349074,2,2024,10,United States,California
621364524,5,2024,10,United States,California
621416813,5,2024,9,United States,California
621425487,5,2024,2,Greece,Paris
621426665,5,2024,10,United States,California
621433849,4,2024,5,United States,California
621492192,5,2024,5,United States,California
621492936,5,2024,9,United States,California
621518161,5,2024,9,United States,California
621523105,5,2024,10,United Kingdom,Paris
621543234,5,2024,8,United States,California
621544347,3,2024,8,United States,California
621574811,4,2024,4,Indonesia,HongKong
621581146,5,2024,8,United Kingdom,California
621592483,4,2024,10,United States,California
621605619,3,2024,10,Australia,Paris
621615723,3,2024,9,India,HongKong
621616126,4,2024,10,United States,HongKong
621618004,4,2024,9,Australia,HongKong
621624440,5,2024,8,Indonesia,HongKong
621625152,2,2024,1,Hong Kong,HongKong
621634137,5,2024,9,Indonesia,HongKong
621636935,4,2024,9,Singapore,HongKong
621647330,5,2024,9,Philippines,HongKong
621661678,1,2023,11,United Kingdom,Paris
621662561,5,2024,9,Australia,HongKong
621678165,5,2024,9,Australia,California
621687319,5,2024,9,India,HongKong
621719662,5,2024,9,India,HongKong
621724235,5,2024,6,United States,California
621805683,4,2024,10,Australia,HongKong
621828386,4,2024,9,France,Paris
621832902,2,2024,10,Canada,Paris
621863519,4,2023,11,Hong Kong,HongKong
621865247,3,2024,9,United Kingdom,Paris
621880751,5,2024,9,United Kingdom,Paris
621938803,4,2024,10,Ireland,Paris
621970756,5,2024,8,United Kingdom,Paris
621997514,4,2024,10,Canada,HongKong
622000315,4,2024,9,Australia,HongKong
622012184,5,2024,10,Australia,California
622031900,5,2024,9,Romania,Paris
622147112,4,2024,8,Canada,California
622178064,4,2024,9,United States,Paris
622287462,5,2023,11,United Kingdom,Paris
622336927,5,2024,7,Philippines,HongKong
622355993,1,2024,10,India,Paris
622358681,5,2024,10,Australia,HongKong
622432117,5,2024,10,Australia,Paris
622442678,5,2024,5,India,California
622445881,1,2024,10,Germany,California
622489826,4,2024,2,United States,California
622496739,5,2024,9,Australia,California
622508318,5,2024,10,Australia,HongKong
622520843,1,2024,10,Singapore,Paris
622543076,5,2024,9,Australia,California
622574630,4,2023,11,Australia,HongKong
622602871,3,2024,10,Australia,HongKong
622636991,4,2024,10,Hong Kong,HongKong
622644714,4,2023,6,Australia,HongKong
622725881,4,2024,10,United States,California
622748673,1,2024,10,United States,California
622763405,5,2023,12,United States,California
622768816,5,2024,10,New Zealand,HongKong
622769733,5,2024,9,India,California
622773202,2,2024,10,Australia,HongKong
622786289,4,2024,10,Australia,HongKong
622802193,5,2024,9,Australia,Paris
622808886,5,2024,10,Australia,California
622832652,5,2024,7,India,California
622915794,5,2024,8,Kenya,Paris
622950085,2,2024,10,United Kingdom,California
622974588,5,2024,9,United States,California
623063730,5,2024,9,Australia,HongKong
623087249,3,2023,11,Canada,HongKong
623149895,5,2024,10,Germany,Paris
623163888,5,2024,10,Malaysia,HongKong
623192942,4,2024,9,Canada,HongKong
623275986,1,2024,10,Australia,California
623285483,5,2024,5,United States,California
623314045,5,2024,10,United States,California
623339896,5,2024,9,South Korea,HongKong
623350191,5,2024,10,United States,Paris
623356811,5,2024,9,Australia,HongKong
623359313,4,2024,9,New Zealand,Paris
623375626,5,2024,9,United States,California
623421509,1,2024,10,Germany,Paris
623434918,5,2024,7,United Kingdom,California
623531054,5,2024,9,Nigeria,Paris
623537853,5,2024,10,United States,California
623551468,4,2024,9,United States,California
623581485,4,2024,9,United Kingdom,HongKong
623628507,3,2024,10,Hong Kong,HongKong
623646947,1,2024,10,United States,Paris
623685299,5,2024,4,India,HongKong
623691538,3,2024,10,United Kingdom,Paris
623768836,5,2024,8,United Kingdom,Paris
623771519,5,2024,10,United Kingdom,Paris
623771675,4,2024,9,United Kingdom,Paris
623774162,3,2024,10,United Kingdom,HongKong
623793397,5,2024,10,Singapore,HongKong
623821864,5,2024,9,United States,California
623831582,5,2024,8,Canada,HongKong
623887426,5,2023,12,Australia,California
623904717,3,2024,10,Canada,California
623908109,5,2024,9,Australia,California
623908588,5,2024,10,Australia,California
623918846,5,2024,9,Lebanon,Paris
624002340,4,2024,10,United Kingdom,Paris
624043316,4,2024,10,Australia,Paris
624074139,4,2024,2,Canada,California
624085775,4,2024,9,United Kingdom,Paris
624116749,4,2024,10,United States,California
624130865,5,2024,9,Canada,California
624135894,3,2024,9,United Arab Emirates,HongKong
624137068,4,2024,10,United Kingdom,Paris
624183786,2,2024,10,Australia,HongKong
624203838,5,2024,9,Singapore,HongKong
624229302,4,2024,10,Switzerland,Paris
624233584,5,2024,10,United Kingdom,Paris
624245207,5,2023,11,United Kingdom,Paris
624248478,5,2024,6,United States,California
624259209,5,2024,10,Canada,California
624316819,5,2024,10,United States,California
624334729,4,2024,10,United States,California
624338561,3,2024,10,Australia,HongKong
624370901,5,2024,8,United Kingdom,Paris
624385966,4,2024,10,United Kingdom,Paris
624414896,4,2024,10,Australia,Paris
624436219,4,2024,10,United States,California
624494299,5,2024,10,Iran,Paris
624500934,5,2024,10,United Kingdom,Paris
624505634,5,2024,9,United States,California
624506237,5,2024,10,New Zealand,Paris
624510660,3,2024,10,Canada,California
624551238,5,2024,1,India,California
624563950,4,2024,10,United States,California
624567771,4,2024,9,Malaysia,HongKong
624611488,4,2024,10,Thailand,HongKong
624624942,2,2024,8,United Kingdom,Paris
624652436,3,2024,8,United Kingdom,Paris
624652483,4,2024,10,United Kingdom,Paris
624658314,4,2024,10,United Kingdom,Paris
624671441,4,2024,5,United Kingdom,Paris
624684421,3,2024,10,United States,California
624706001,5,2024,10,United Kingdom,Paris
624722169,4,2024,6,Indonesia,HongKong
624725120,5,2024,10,United States,California
624767837,3,2024,10,United States,California
624787061,4,2024,9,Australia,California
624795520,1,2024,7,United Kingdom,Paris
624808403,5,2024,10,Australia,HongKong
624835598,4,2024,9,Australia,California
624852084,4,2024,10,Belgium,Paris
624854496,2,2024,3,United States,California
624856465,5,2024,10,United States,California
624857744,4,2024,9,Australia,HongKong
624884437,2,2024,5,United States,HongKong
624898707,1,2024,10,United Kingdom,Paris
624916801,4,2024,9,United Kingdom,Paris
624949013,5,2024,9,Australia,California
625029092,3,2024,10,Canada,California
625038916,4,2024,10,United States,California
625050457,5,2024,10,United Kingdom,Paris
625065180,3,2024,1,Singapore,HongKong
625073374,1,2024,10,United States,California
625102886,5,2023,12,India,HongKong
625139064,4,2024,10,Philippines,HongKong
625141875,5,2024,10,Australia,HongKong
625147148,4,2024,10,United States,Paris
625226482,5,2024,10,United Kingdom,California
625280388,4,2024,7,Lebanon,California
625298215,4,2024,5,United Kingdom,California
625303443,4,2024,10,India,HongKong
625323146,4,2024,5,United Kingdom,Paris
625349656,5,2024,9,United States,California
625436845,4,2024,9,New Zealand,California
625561105,3,2024,10,United Kingdom,Paris
625617172,5,2024,10,Canada,California
625623706,4,2024,10,India,HongKong
625675803,5,2024,10,Singapore,HongKong
625739774,4,2024,10,Hong Kong,HongKong
625759854,4,2024,10,United Kingdom,Paris
625877829,2,2024,8,United Kingdom,Paris
625879344,5,2024,10,United Kingdom,California
625891516,1,2024,10,United States,Paris
625922375,5,2024,10,United Kingdom,Paris
625956833,5,2024,10,United Kingdom,Paris
625983717,3,2024,10,United Kingdom,California
625988391,4,2024,10,United States,California
626016783,5,2024,10,Indonesia,HongKong
626024313,4,2024,9,Australia,California
626066007,1,2024,10,United Kingdom,California
626100104,2,2024,10,United Kingdom,Paris
626160525,5,2024,10,United States,California
626166544,5,2024,10,United Kingdom,Paris
626222996,5,2024,9,India,California
626236299,5,2024,10,United States,California
626252801,4,2024,10,United Kingdom,California
626278842,5,2024,10,United States,Paris
626280949,5,2024,10,Australia,California
626331842,4,2024,10,Singapore,HongKong
626374682,5,2024,10,Philippines,HongKong
626390967,5,2024,10,Australia,HongKong
626423492,3,2024,10,United States,California
626485366,5,2024,10,Singapore,California
626581415,5,2024,10,United Kingdom,Paris
626603534,5,2024,10,United Kingdom,Paris
626649430,1,2024,10,United Arab Emirates,Paris
626670972,4,2024,8,Sri Lanka,Paris
626682018,5,2024,10,Australia,California
626770978,4,2024,10,Chile,California
626800884,5,2024,10,United Kingdom,Paris
626800963,2,2024,10,United Kingdom,Paris
626806163,2,2024,10,United States,California
626807986,5,2024,8,United States,Paris
626808585,5,2024,10,United States,Paris
626817259,3,2024,10,Denmark,Paris
626830488,5,2024,10,Australia,HongKong
626862391,5,2024,10,Australia,HongKong
626863925,4,2024,10,India,HongKong
626881661,4,2024,7,United Kingdom,Paris
626883257,5,2024,10,United Kingdom,Paris
626884107,5,2024,9,New Zealand,HongKong
626923350,5,2024,5,Singapore,HongKong
626940764,5,2023,11,Indonesia,HongKong
627000176,4,2024,10,Singapore,HongKong
627019769,4,2024,10,United States,California
627028236,5,2024,8,United Kingdom,California
627035813,4,2024,10,Canada,California
627043360,1,2024,10,Canada,California
627045042,5,2024,10,United States,California
627057741,5,2024,8,Italy,California
627072491,5,2024,8,United States,California
627129290,5,2024,10,Netherlands,Paris
627135434,5,2024,10,United Kingdom,Paris
627161628,5,2023,11,India,HongKong
627188611,5,2024,10,United Kingdom,Paris
627203753,1,2024,10,United Kingdom,Paris
627222491,3,2024,10,France,Paris
627231450,5,2024,10,United States,California
627272423,3,2024,10,South Africa,California
627275599,4,2024,10,Netherlands,Paris
627305036,4,2024,9,United States,Paris
627306542,4,2024,10,United Kingdom,Paris
627336232,5,2024,10,United States,California
627337245,2,2024,10,United Kingdom,Paris
627348866,5,2024,10,United States,California
627353793,3,2024,10,United States,California
627375945,4,2024,10,United States,Paris
627377832,5,2023,11,United States,California
627379198,5,2024,10,United Kingdom,Paris
627398441,4,2024,10,Spain,Paris
627414383,1,2024,10,France,Paris
627416226,4,2024,10,Netherlands,Paris
627425843,5,2024,10,Romania,Paris
627442076,5,2024,10,United States,California
627469340,5,2024,8,United Kingdom,Paris
627484691,4,2024,10,United Kingdom,Paris
627492691,4,2024,10,United States,Paris
627519161,5,2024,10,United Kingdom,Paris
627572314,5,2023,3,Lebanon,California
627600766,5,2023,11,Australia,HongKong
627629329,2,2024,10,United Kingdom,Paris
627684452,5,2024,7,Italy,Paris
627704507,5,2024,8,Hungary,Paris
627711588,2,2024,10,Brazil,Paris
627712741,3,2024,10,United Kingdom,Paris
627771387,5,2024,10,United Kingdom,Paris
627827182,3,2024,10,United Kingdom,Paris
627835628,3,2024,10,United States,California
627920873,5,2024,10,United States,California
627946461,3,2023,11,Canada,HongKong
627986956,5,2023,11,Indonesia,Paris
628047597,5,2024,6,South Africa,HongKong
628063475,4,2024,10,Australia,HongKong
628093072,3,2024,10,United Kingdom,Paris
628102571,5,2024,10,United Kingdom,Paris
628105006,5,2024,10,United Kingdom,Paris
628109000,4,2024,10,United States,California
628135461,4,2024,10,United Kingdom,California
628180153,5,2024,1,United States,California
628201159,1,2024,10,United Kingdom,Paris
628205472,4,2024,10,United Kingdom,Paris
628205871,1,2024,10,Spain,Paris
628211628,5,2024,10,United States,California
628228047,5,2024,10,United Kingdom,California
628237546,4,2024,5,Ukraine,Paris
628254746,4,2024,10,Australia,California
628273519,5,2024,9,Australia,California
628361198,4,2024,10,South Africa,HongKong
628375545,5,2024,10,Zambia,HongKong
628418518,2,2024,10,United Kingdom,Paris
628487611,4,2024,10,United States,California
628532068,2,2024,10,United Kingdom,Paris
628557242,5,2024,10,United Kingdom,Paris
628566077,1,2024,10,Canada,California
628611689,2,2024,10,United States,Paris
628623090,2,2024,9,United States,California
628713139,5,2024,9,United Kingdom,Paris
628723989,4,2024,10,United Kingdom,Paris
628762297,5,2024,10,United Kingdom,HongKong
628797211,3,2024,10,United Kingdom,Paris
628892596,3,2024,10,United Kingdom,Paris
628908532,5,2024,10,United Kingdom,Paris
628968085,5,2024,10,United Kingdom,Paris
628978769,5,2024,10,United Kingdom,Paris
628983266,5,2024,10,United Kingdom,Paris
628991286,5,2024,9,Australia,California
629031982,4,2024,2,United Kingdom,Paris
629046677,5,2024,10,United Kingdom,Paris
629070503,5,2024,10,Italy,Paris
629071193,3,2024,10,United Kingdom,HongKong
629073732,5,2024,10,United States,HongKong
629107056,5,2024,10,Norway,California
629140160,5,2024,10,United Kingdom,HongKong
629150590,5,2024,10,United States,Paris
629184095,2,2024,8,Canada,Paris
629215489,5,2023,11,United States,California
629239595,5,2024,10,United States,California
629282565,5,2024,10,United Kingdom,Paris
629294420,3,2024,10,United Kingdom,Paris
629304750,5,2024,10,United Kingdom,Paris
629342673,2,2024,10,France,Paris
629385659,5,2024,10,Hong Kong,HongKong
629446889,5,2024,9,United States,California
629446921,5,2024,10,United Kingdom,Paris
629471128,5,2024,10,Australia,HongKong
629473286,1,2024,10,United Kingdom,Paris
629488417,3,2024,10,France,Paris
629496562,4,2024,10,United Kingdom,Paris
629514829,4,2024,10,Australia,California
629544504,5,2023,12,United States,California
629547840,2,2023,11,Hong Kong,HongKong
629551829,5,2024,10,Australia,HongKong
629557551,3,2024,10,United Kingdom,Paris
629584226,3,2024,9,United Kingdom,California
629586281,2,2024,10,United Kingdom,Paris
629588885,3,2024,7,Spain,Paris
629597591,5,2024,10,United Kingdom,Paris
629639471,4,2024,10,United Kingdom,Paris
629648098,5,2024,10,United Kingdom,Paris
629699648,5,2024,10,United States,California
629713745,4,2024,10,United Kingdom,Paris
629745282,5,2024,10,United States,California
629761427,5,2024,10,India,HongKong
629789805,5,2024,10,United Kingdom,Paris
629794785,5,2024,10,Australia,HongKong
629805064,5,2024,10,United Kingdom,Paris
629816252,5,2024,10,United Kingdom,Paris
629820952,4,2024,4,United States,California
629833707,2,2024,10,Singapore,HongKong
629864194,5,2024,10,Canada,HongKong
629945757,5,2024,10,United Kingdom,Paris
629948801,3,2024,10,Ireland,California
630000067,5,2024,11,Philippines,HongKong
630024335,1,2024,10,Japan,Paris
630035117,3,2024,10,Ireland,Paris
630057068,4,2024,10,United Kingdom,Paris
630067208,2,2024,11,United Kingdom,Paris
630070895,5,2024,9,Canada,California
630121788,3,2024,11,United Kingdom,Paris
630122708,4,2024,10,United Kingdom,Paris
630123060,4,2024,11,Cyprus,Paris
630154609,4,2023,12,United Kingdom,California
630162657,1,2024,10,United Kingdom,Paris
630187990,1,2024,10,New Zealand,California
630211905,4,2024,10,United Kingdom,Paris
630223853,1,2024,11,Spain,Paris
630255018,5,2024,11,United States,HongKong
630269775,1,2024,11,Russia,Paris
630280955,1,2024,11,United Kingdom,Paris
630306376,4,2024,10,United Kingdom,Paris
630319930,5,2024,11,United Kingdom,Paris
630330606,3,2024,10,United Kingdom,Paris
630332164,1,2024,11,United Kingdom,Paris
630339444,4,2024,11,United Kingdom,Paris
630347736,4,2024,10,United Kingdom,Paris
630362792,5,2024,11,United Kingdom,California
630370863,5,2024,6,United Kingdom,Paris
630378760,5,2024,11,United Kingdom,Paris
630395399,5,2024,10,Canada,California
630409258,5,2024,10,United Kingdom,Paris
630424473,5,2024,11,United Kingdom,Paris
630458206,5,2024,11,United Kingdom,Paris
630476582,5,2024,11,United Kingdom,Paris
630494579,4,2024,11,United Kingdom,Paris
630507279,5,2024,10,India,HongKong
630509388,5,2024,10,United States,California
630573436,2,2024,10,United Kingdom,Paris
630589692,5,2023,12,Australia,HongKong
630622822,5,2024,10,Philippines,HongKong
630640859,1,2024,11,Philippines,California
630653528,4,2024,6,India,Paris
630656960,5,2024,10,United Kingdom,California
630671601,5,2024,10,United Kingdom,Paris
630698961,4,2024,10,United Kingdom,California
630713589,5,2024,10,United Kingdom,Paris
630734380,5,2024,3,United States,HongKong
630734855,5,2024,10,Mexico,California
630798508,5,2024,11,Ireland,Paris
630850550,5,2024,5,Thailand,Paris
630855008,3,2024,11,Canada,California
630858929,4,2024,11,Canada,California
630860078,1,2024,11,Germany,Paris
630884593,5,2024,11,Australia,California
630901648,5,2024,11,Ireland,Paris
631059870,1,2024,11,United States,Paris
631067427,1,2024,10,United States,California
631071252,5,2024,1,United Kingdom,Paris
631085207,5,2024,11,Australia,California
631086154,4,2024,10,United States,Paris
631088142,5,2024,10,United States,California
631094477,5,2024,11,United States,California
631108150,3,2024,3,India,HongKong
631116540,2,2024,10,Canada,California
631119122,1,2024,11,Philippines,HongKong
631139179,3,2024,11,Indonesia,HongKong
631157038,2,2024,10,United Kingdom,Paris
631159389,4,2024,10,Australia,HongKong
631174325,1,2024,11,United Kingdom,Paris
631219016,1,2024,11,Canada,California
631220916,2,2024,11,Australia,California
631230175,5,2024,8,United Kingdom,Paris
631277937,5,2024,10,United Kingdom,Paris
631286378,3,2024,11,United Kingdom,Paris
631309691,1,2024,9,United Kingdom,Paris
631312191,5,2024,9,Australia,California
631327468,2,2024,11,United States,Paris
631342147,5,2024,10,United Kingdom,HongKong
631347052,4,2024,10,United Kingdom,Paris
631351766,5,2024,11,United Kingdom,Paris
631396625,4,2024,10,United States,California
631408607,5,2023,12,Australia,HongKong
631409987,4,2024,10,United States,California
631416871,5,2024,7,United States,California
631425678,4,2024,6,Australia,California
631437787,5,2024,10,United States,Paris
631439404,4,2024,10,United Kingdom,Paris
631478534,5,2024,9,United States,California
631488697,5,2024,11,Philippines,HongKong
631506831,4,2024,8,United Arab Emirates,HongKong
631508787,5,2024,11,United States,California
631509526,4,2024,10,Hong Kong,HongKong
631514586,4,2024,11,Singapore,HongKong
631523191,5,2024,11,United Kingdom,HongKong
631532493,5,2024,10,Bulgaria,Paris
631534853,3,2024,11,Australia,California
631540956,4,2024,10,Singapore,Paris
631543398,4,2024,8,Spain,Paris
631552052,5,2024,10,New Zealand,California
631563359,4,2024,9,United Kingdom,Paris
631564893,4,2024,10,Malaysia,HongKong
631572389,4,2024,9,South Africa,HongKong
631585637,5,2024,1,Albania,Paris
631587197,2,2024,11,Greece,Paris
631595181,4,2024,3,India,HongKong
631598602,4,2024,10,United Kingdom,Paris
631621711,5,2024,7,United Kingdom,Paris
631655245,5,2024,11,United States,California
631655704,5,2024,11,India,HongKong
631732824,5,2024,1,United States,California
631751156,5,2024,10,United States,California
631779600,5,2024,10,Philippines,HongKong
631816914,5,2024,11,United States,California
631835779,4,2024,11,United Kingdom,HongKong
631840668,3,2024,11,United Kingdom,Paris
631880137,5,2024,10,Philippines,HongKong
631882178,5,2024,10,Australia,HongKong
631899580,5,2024,2,Indonesia,HongKong
631924995,5,2024,11,United Kingdom,Paris
631945759,5,2024,11,United States,California
632073306,5,2024,10,Australia,HongKong
632080848,5,2024,10,India,HongKong
632083144,5,2024,11,United States,California
632166205,3,2024,6,Cambodia,HongKong
632175576,4,2024,11,Netherlands,Paris
632178931,5,2024,11,France,Paris
632183825,4,2024,7,United States,California
632193953,4,2024,10,Australia,California
632202991,4,2024,11,United Kingdom,Paris
632215373,4,2024,11,United Kingdom,Paris
632235808,4,2024,10,Australia,HongKong
632309460,5,2024,11,Philippines,HongKong
632341058,5,2024,10,United Kingdom,California
632355808,2,2024,11,Singapore,HongKong
632431523,5,2024,10,Australia,California
632444680,5,2024,11,United States,California
632445331,4,2024,11,Malaysia,HongKong
632450413,5,2024,10,United States,California
632451183,4,2024,3,Indonesia,Paris
632456005,1,2024,10,United States,California
632460163,4,2024,11,United States,California
632465465,5,2024,10,United States,California
632496932,5,2024,11,United Kingdom,Paris
632538340,3,2024,10,India,HongKong
632585412,5,2024,11,United Kingdom,Paris
632617782,5,2024,10,Australia,HongKong
632637882,4,2024,10,United Kingdom,Paris
632647311,5,2024,9,United States,California
632658864,3,2024,10,Australia,HongKong
632674356,2,2024,11,United States,California
632689856,4,2024,11,Hong Kong,HongKong
632690362,4,2023,12,Portugal,HongKong
632699589,3,2024,11,Vietnam,HongKong
632731756,5,2024,10,Philippines,HongKong
632742313,3,2024,11,Singapore,HongKong
632784272,4,2024,11,Macau,California
632798642,1,2024,10,United Kingdom,Paris
632888232,3,2024,10,United Kingdom,Paris
632891929,4,2024,1,Philippines,HongKong
632909606,5,2024,11,United Kingdom,Paris
632972872,5,2024,11,United States,California
633141250,4,2024,10,United Kingdom,Paris
633161089,4,2024,6,United Kingdom,Paris
633163763,4,2024,10,Hong Kong,HongKong
633170265,1,2024,11,United Kingdom,HongKong
633178209,5,2024,10,United States,HongKong
633204733,4,2024,11,United Kingdom,Paris
633221928,5,2024,3,Canada,California
633235931,5,2024,10,United States,California
633251261,5,2024,11,United Kingdom,Paris
633278031,5,2024,10,United States,California
633325652,3,2024,11,Malaysia,HongKong
633366310,5,2024,11,United Kingdom,Paris
633375055,5,2024,11,United States,California
633478311,5,2024,11,United Kingdom,Paris
633496224,4,2024,11,United States,California
633508854,5,2024,11,United States,California
633522155,3,2024,10,Australia,California
633551774,3,2024,11,United States,Paris
633563142,5,2024,10,Australia,HongKong
633590009,5,2024,11,United Kingdom,Paris
633611617,4,2024,11,Singapore,HongKong
633649445,4,2024,11,United Kingdom,Paris
633659302,5,2024,11,United Kingdom,Paris
633702674,4,2024,10,Australia,California
633745686,5,2024,10,United Kingdom,HongKong
633813361,5,2024,10,Canada,California
633866608,3,2024,11,Singapore,HongKong
633871918,4,2024,11,United Kingdom,HongKong
633902159,5,2024,11,Australia,Paris
633903327,2,2024,11,Czechia,Paris
633907663,2,2024,9,Israel,California
633913835,4,2024,10,Australia,California
633917478,5,2024,8,China,HongKong
633926810,5,2024,10,United Kingdom,Paris
633935860,4,2024,4,Hong Kong,HongKong
633941812,1,2024,7,Hong Kong,HongKong
633958264,5,2024,11,United Kingdom,Paris
634040906,5,2024,11,United States,Paris
634067923,4,2024,11,United States,California
634068727,5,2024,11,United States,HongKong
634083460,5,2024,11,United States,California
634167802,4,2024,11,Australia,California
634185245,4,2024,11,United Kingdom,Paris
634212754,4,2024,7,United Kingdom,Paris
634232354,3,2024,11,Italy,Paris
634240201,5,2023,12,Australia,California
634241708,4,2024,11,United Kingdom,Paris
634246402,5,2024,11,United Kingdom,Paris
634274910,5,2024,11,United States,Paris
634289809,4,2024,11,Australia,HongKong
634463638,1,2024,11,United States,California
634464149,5,2024,11,United Kingdom,Paris
634518245,5,2024,11,Australia,HongKong
634521474,5,2024,11,United States,California
634532758,5,2024,10,Australia,HongKong
634538138,4,2024,11,Australia,Paris
634641453,3,2024,11,United States,HongKong
634661299,5,2024,11,New Zealand,California
634674059,5,2024,11,United Kingdom,Paris
634717570,5,2024,11,United States,Paris
634917492,2,2024,11,United Kingdom,Paris
634917500,5,2024,11,United Kingdom,Paris
634931243,5,2024,6,Australia,California
634966382,5,2024,8,Russia,Paris
635034738,5,2024,11,United States,HongKong
635073055,4,2024,11,United States,California
635146061,5,2024,11,United Kingdom,HongKong
635151365,5,2024,11,United Kingdom,Paris
635153495,5,2024,4,Singapore,HongKong
635155975,5,2024,9,Singapore,HongKong
635253664,5,2024,11,United States,California
635269392,3,2024,11,United States,California
635279753,5,2024,11,United States,California
635321205,3,2024,11,United States,HongKong
635328081,5,2024,11,United Kingdom,HongKong
635371356,4,2024,3,Sweden,Paris
635379194,2,2024,11,Singapore,Paris
635435966,5,2024,7,Canada,California
635454662,3,2024,11,United States,Paris
635500492,4,2024,11,United States,California
635525390,4,2024,11,United Kingdom,Paris
635563003,3,2024,11,Singapore,HongKong
635601951,4,2024,11,United States,HongKong
635623115,5,2024,11,United States,California
635639435,4,2024,9,United States,Paris
635644888,5,2024,11,United States,California
635659244,3,2024,11,United Kingdom,Paris
635669115,5,2024,11,United States,California
635707985,4,2024,11,United Kingdom,Paris
635711087,5,2024,10,United Kingdom,Paris
635750902,5,2024,11,United Kingdom,Paris
635801180,5,2024,11,United Kingdom,Paris
635813258,5,2024,11,Ireland,Paris
635839870,4,2024,11,United States,California
635930934,4,2024,11,Singapore,HongKong
635931790,5,2024,10,United Kingdom,HongKong
635935092,3,2024,11,Singapore,HongKong
635972926,5,2024,11,Singapore,California
636061924,5,2024,11,Canada,Paris
636096228,5,2024,11,United States,Paris
636103749,3,2024,11,United Kingdom,Paris
636205542,5,2024,11,United Kingdom,Paris
636209289,4,2024,11,Australia,HongKong
636242343,5,2024,11,Philippines,HongKong
636324258,5,2024,10,United Kingdom,Paris
636325052,4,2024,11,United States,Paris
636342436,5,2024,11,Ireland,Paris
636364761,4,2024,11,United Kingdom,Paris
636375020,5,2024,11,United States,California
636389772,5,2024,11,United States,California
636438921,3,2024,11,United Kingdom,Paris
636478172,5,2024,11,United Kingdom,HongKong
636502834,4,2024,11,United Kingdom,Paris
636521622,5,2024,11,South Africa,HongKong
636526260,5,2024,11,United Kingdom,Paris
636558545,5,2024,11,Mexico,California
636591464,5,2024,10,United States,California
636594687,5,2024,11,Malaysia,HongKong
636613334,5,2024,11,Philippines,HongKong
636622973,5,2024,10,United Kingdom,California
636623334,5,2024,11,Singapore,HongKong
636735359,5,2024,11,Canada,California
636750114,3,2024,11,United States,California
636751126,5,2024,12,Philippines,HongKong
636762728,5,2024,1,Philippines,HongKong
636786048,5,2024,5,India,Paris
636802253,5,2024,12,Singapore,HongKong
636822111,4,2024,11,United Kingdom,HongKong
636831118,4,2024,12,United Kingdom,Paris
636862975,5,2024,11,United States,California
636878752,3,2024,12,United States,California
636896099,5,2024,10,Brazil,California
636930020,5,2024,11,Canada,California
636956072,4,2024,1,Philippines,HongKong
636957064,5,2024,11,United States,HongKong
636961092,5,2024,12,India,HongKong
636976244,5,2024,10,South Korea,HongKong
636984092,5,2024,11,Australia,HongKong
637002492,5,2024,11,United Kingdom,Paris
637027244,5,2024,10,Canada,HongKong
637051404,4,2024,11,United States,HongKong
637088934,5,2024,10,United States,HongKong
637093000,5,2024,11,Canada,California
637115072,5,2024,9,Poland,Paris
637117848,4,2024,12,United States,California
637121787,5,2024,10,Hong Kong,HongKong
637124175,5,2024,1,Malaysia,HongKong
637203765,1,2024,11,Thailand,HongKong
637237172,5,2024,3,South Africa,HongKong
637245098,5,2024,11,United States,HongKong
637328126,4,2024,11,Philippines,HongKong
637342970,4,2024,11,United States,California
637360774,4,2024,12,Australia,HongKong
637368764,5,2024,11,Netherlands,Paris
637485661,5,2024,11,Canada,California
637537249,5,2024,12,United States,HongKong
637558796,4,2024,11,United Kingdom,HongKong
637646223,5,2024,12,Singapore,HongKong
637656744,5,2024,12,United States,California
637717411,4,2024,12,Philippines,HongKong
637730001,3,2024,9,United States,California
637737518,5,2024,11,United States,California
637741805,5,2024,12,Australia,California
637747758,5,2024,11,Australia,California
637760243,2,2024,12,United Kingdom,Paris
637797306,4,2024,12,Australia,Paris
637801329,5,2024,10,Philippines,HongKong
637824402,5,2024,11,United Kingdom,HongKong
637885281,3,2024,12,United Kingdom,Paris
637897228,3,2024,10,United States,Paris
637927592,5,2024,11,United States,California
637934986,3,2024,12,China,HongKong
637971019,3,2024,1,South Africa,HongKong
637997208,5,2024,7,United Kingdom,California
638052755,5,2024,11,United States,California
638053018,5,2024,12,United Kingdom,Paris
638111063,5,2024,12,United States,Paris
638139255,4,2024,12,United Kingdom,HongKong
638196243,3,2024,11,Australia,California
638229418,5,2024,4,Philippines,HongKong
638288602,3,2024,12,France,Paris
638295708,4,2024,12,Portugal,Paris
638309569,4,2024,11,Ireland,Paris
638315058,5,2024,12,United States,Paris
638399078,5,2024,10,United States,HongKong
638427846,5,2024,12,United States,California
638437626,4,2024,12,Australia,HongKong
638438046,4,2024,4,Hong Kong,HongKong
638445646,5,2024,12,Australia,California
638449208,4,2024,11,United States,California
638460459,5,2024,11,United States,Paris
638478152,5,2024,10,India,HongKong
638479949,4,2024,11,Canada,HongKong
638484858,5,2024,12,United Kingdom,Paris
638485655,5,2024,8,Hong Kong,HongKong
638494920,5,2024,12,United Kingdom,Paris
638498630,4,2024,12,United Kingdom,Paris
638499306,5,2024,8,United Kingdom,Paris
638511615,2,2024,11,Philippines,HongKong
638560875,5,2024,11,Romania,Paris
638583788,5,2024,12,United States,California
638592556,4,2024,11,United Kingdom,Paris
638598299,5,2024,11,Spain,Paris
638630427,5,2024,12,United Kingdom,Paris
638663852,4,2024,12,United States,Paris
638686969,5,2024,11,Australia,California
638701393,5,2024,10,Hong Kong,HongKong
638704985,3,2024,12,United States,California
638739579,5,2024,6,Australia,HongKong
638751221,1,2024,12,Switzerland,Paris
638754324,4,2024,12,Malaysia,HongKong
638806244,5,2024,8,United Kingdom,Paris
638824415,5,2024,2,United States,California
638832653,5,2024,2,United Kingdom,Paris
638838943,4,2024,9,Malta,Paris
638867384,4,2024,12,Singapore,HongKong
638873250,5,2024,11,United Kingdom,Paris
638919715,5,2024,10,United States,California
638974099,5,2024,4,United States,California
638974816,5,2024,12,Ireland,Paris
638977428,5,2024,11,United States,California
638985352,4,2024,12,United Kingdom,Paris
639008179,4,2024,9,United States,Paris
639026443,4,2024,12,United States,California
639032959,4,2024,12,Hong Kong,HongKong
639035976,5,2024,12,United States,California
639039779,4,2024,10,Hong Kong,HongKong
639041135,4,2024,11,Malaysia,HongKong
639046709,5,2024,12,Japan,California
639048510,4,2024,12,Thailand,HongKong
639070027,4,2024,7,Jersey,Paris
639076163,2,2024,12,Germany,Paris
639080102,5,2024,2,Hong Kong,HongKong
639081437,5,2024,12,United Kingdom,Paris
639082709,4,2024,12,Singapore,HongKong
639089318,4,2024,12,Germany,California
639091250,5,2024,11,India,Paris
639091539,5,2024,7,Canada,Paris
639119522,4,2024,12,Malaysia,HongKong
639124945,5,2024,11,Mali,Paris
639143103,3,2024,12,Netherlands,Paris
639176495,5,2024,12,Singapore,HongKong
639193436,2,2024,12,United Kingdom,Paris
639248372,5,2024,11,India,HongKong
639257579,5,2024,7,Ireland,Paris
639272449,5,2024,12,Australia,California
639292947,5,2024,12,United States,California
639300612,5,2024,12,Singapore,California
639377595,4,2024,12,Singapore,HongKong
639385882,5,2024,12,Singapore,HongKong
639408236,4,2024,12,United Kingdom,Paris
639429879,5,2024,12,United Kingdom,Paris
639435029,5,2024,12,United States,California
639466064,5,2024,12,Ireland,Paris
639468809,3,2024,12,United Kingdom,Paris
639493185,5,2024,11,India,HongKong
639526309,3,2024,12,Australia,HongKong
639544170,3,2024,12,Canada,HongKong
639579725,1,2024,12,United Kingdom,Paris
639588094,5,2024,12,Canada,HongKong
639591287,5,2024,12,Singapore,HongKong
639599397,4,2024,12,South Africa,Paris
639606337,5,2024,11,United Kingdom,Paris
639651854,5,2024,12,Singapore,HongKong
639668806,4,2024,12,Australia,California
639675534,5,2024,12,Australia,HongKong
639703920,4,2024,12,Singapore,HongKong
639724380,5,2024,8,United Kingdom,HongKong
639788495,2,2024,10,United States,Paris
639797477,3,2024,12,United Kingdom,Paris
639803595,5,2024,12,Australia,California
639814220,5,2024,12,Australia,California
639816954,5,2024,12,Singapore,HongKong
639817511,4,2024,12,Canada,California
639822407,5,2024,1,Indonesia,HongKong
639853038,3,2024,12,United Kingdom,Paris
639932146,5,2024,10,India,HongKong
639936644,5,2024,12,United States,California
639950328,4,2024,12,United Kingdom,Paris
639967973,5,2024,4,United States,California
640021590,3,2024,12,United States,California
640065863,4,2024,12,Singapore,HongKong
640088922,3,2024,12,Philippines,HongKong
640131655,3,2024,12,Australia,Paris
640133477,2,2024,12,Australia,Paris
640158611,5,2024,12,United States,California
640198165,5,2024,3,United States,California
640223639,5,2024,12,Canada,California
640225334,4,2024,11,Australia,California
640229966,4,2024,12,United States,Paris
640248502,1,2024,12,Canada,California
640271148,4,2024,11,Australia,California
640281862,5,2024,12,United States,HongKong
640284771,5,2024,12,New Zealand,HongKong
640301169,5,2024,12,Malaysia,HongKong
640306865,2,2024,12,United Kingdom,Paris
640308759,5,2024,12,Australia,HongKong
640395322,5,2024,12,United Kingdom,Paris
640398367,4,2024,12,Australia,Paris
640404291,5,2024,12,Australia,California
640446960,5,2024,12,Indonesia,HongKong
640609104,5,2024,12,Philippines,HongKong
640618233,5,2024,12,United States,California
640629109,5,2024,12,United Kingdom,Paris
640632669,3,2024,12,United Kingdom,Paris
640635364,5,2024,11,United States,California
640680060,5,2024,6,China,HongKong
640700032,4,2024,12,United Kingdom,Paris
640706969,5,2024,12,South Africa,California
640715262,5,2024,12,United States,California
640741774,5,2024,12,United States,California
640758135,5,2024,12,United States,HongKong
640784882,4,2024,12,South Africa,HongKong
640787340,5,2024,12,India,HongKong
640793944,4,2024,12,Australia,Paris
640833353,3,2024,12,United Kingdom,HongKong
640835372,5,2024,11,India,HongKong
640853801,5,2024,11,United Kingdom,California
640854028,3,2024,12,United Kingdom,HongKong
640855112,4,2024,12,United Kingdom,Paris
640917244,5,2024,12,Indonesia,HongKong
640933049,5,2024,1,Australia,California
640946320,5,2024,1,South Africa,HongKong
640991784,4,2024,12,Singapore,HongKong
640997735,5,2024,12,Australia,California
641034009,1,2024,12,Singapore,Paris
641044997,4,2024,12,United Kingdom,Paris
641053143,1,2024,12,Canada,California
641054747,4,2024,12,United Kingdom,Paris
641088385,3,2024,12,United Kingdom,Paris
641089088,5,2024,12,United Kingdom,Paris
641092318,4,2024,10,Philippines,HongKong
641111690,5,2024,12,United Kingdom,HongKong
641120576,5,2024,12,United Kingdom,Paris
641140654,4,2024,12,Singapore,HongKong
641144988,4,2024,12,United States,California
641148492,4,2024,12,Gibraltar,Paris
641180420,4,2024,7,Kuwait,Paris
641194220,4,2024,12,United States,California
641242774,4,2024,11,Malaysia,HongKong
641285611,5,2024,12,United States,California
641319480,4,2024,12,United Kingdom,Paris
641371536,4,2024,12,India,HongKong
641398372,5,2024,12,Singapore,HongKong
641435171,3,2024,12,France,Paris
641438636,4,2024,12,Thailand,HongKong
641443147,5,2024,12,Malaysia,HongKong
641460283,2,2024,12,United States,California
641461267,5,2024,12,Greece,Paris
641504543,3,2024,12,India,HongKong
641583766,5,2024,12,Qatar,HongKong
641616628,5,2024,12,United States,California
641639956,4,2024,12,United States,Paris
641659768,4,2024,12,Canada,California
641663151,1,2024,12,Netherlands,Paris
641678126,4,2024,12,Malaysia,HongKong
641687100,5,2024,12,Philippines,HongKong
641689195,5,2024,12,United States,California
641689558,5,2024,12,Philippines,HongKong
641689804,5,2024,12,Malaysia,HongKong
641702414,3,2024,12,Singapore,HongKong
641808348,4,2024,12,United Kingdom,Paris
641833138,3,2024,12,United States,California
641841514,4,2024,12,Bahrain,Paris
641861530,2,2024,12,United States,Paris
641870578,4,2024,11,United States,Paris
641894325,5,2024,12,Hong Kong,HongKong
641901270,2,2024,6,United States,California
641903983,5,2024,12,Australia,California
641906301,1,2024,12,France,California
641912298,3,2024,12,United Kingdom,Paris
641925696,5,2024,11,Singapore,HongKong
641936344,2,2024,12,United Kingdom,Paris
641953389,5,2024,12,United States,HongKong
641971317,4,2024,3,Philippines,HongKong
641988847,3,2024,12,United States,California
641991758,1,2024,12,Ireland,Paris
641999778,5,2024,12,Kenya,HongKong
642020687,1,2024,12,Australia,Paris
642069251,3,2024,11,Canada,California
642086178,4,2024,12,Spain,Paris
642097385,1,2024,12,United States,California
642111285,5,2024,12,Malaysia,HongKong
642126544,4,2024,12,United States,Paris
642126773,4,2024,12,Hong Kong,California
642166715,1,2024,12,United Kingdom,Paris
642177003,5,2024,12,France,Paris
642234137,4,2024,12,United States,California
642267630,4,2024,11,United States,California
642303900,5,2024,9,Australia,California
642317797,5,2024,11,New Zealand,California
642327741,4,2024,12,Indonesia,HongKong
642328143,5,2024,12,United States,California
642344564,4,2024,12,Philippines,HongKong
642346969,5,2024,12,United Kingdom,Paris
642422117,4,2024,12,United Kingdom,Paris
642444005,5,2024,12,Canada,California
642447799,5,2024,12,United States,California
642464060,1,2024,12,United Kingdom,Paris
642474033,1,2024,12,United Kingdom,Paris
642474679,1,2024,12,Tunisia,Paris
642475812,5,2024,11,New Zealand,California
642486888,4,2024,12,United States,California
642499796,2,2024,12,United Kingdom,Paris
642500260,5,2024,12,Canada,California
642502132,3,2024,12,United Kingdom,Paris
642502799,4,2024,12,Brazil,HongKong
642509636,5,2024,12,United Kingdom,Paris
642511654,5,2024,12,Malaysia,HongKong
642534419,2,2024,12,Singapore,HongKong
642538330,3,2024,12,Philippines,HongKong
642548715,5,2024,12,Canada,California
642554437,4,2024,12,Australia,Paris
642556031,5,2024,12,Hong Kong,HongKong
642574848,5,2024,5,New Zealand,California
642585839,4,2024,1,Australia,HongKong
642611116,5,2024,12,United States,California
642643369,5,2024,12,United Kingdom,Paris
642645085,5,2024,12,United Kingdom,Paris
642671213,5,2024,12,Indonesia,California
642671934,2,2024,12,United Kingdom,Paris
642683327,3,2024,12,United States,California
642690816,3,2024,12,United States,California
642690915,5,2024,12,Australia,Paris
642701469,5,2024,6,Canada,California
642725959,5,2024,12,India,California
642735658,5,2024,11,United States,California
642738471,3,2024,12,South Africa,HongKong
642776517,4,2024,12,United Kingdom,Paris
642792578,1,2024,12,United Kingdom,Paris
642801343,5,2024,12,United States,California
642826840,5,2024,12,Mauritius,HongKong
642829300,5,2024,2,Indonesia,HongKong
642841276,4,2024,8,Canada,Paris
642882906,4,2024,12,United States,California
642921343,5,2024,12,United Kingdom,Paris
642957807,3,2024,12,Singapore,HongKong
643002527,5,2024,10,Romania,Paris
643035745,3,2024,12,United Kingdom,Paris
643162499,3,2024,12,Indonesia,HongKong
643180230,2,2024,12,United States,California
643223183,3,2024,12,United Kingdom,Paris
643311010,4,2024,12,United Kingdom,Paris
643344218,4,2024,12,Canada,California
643345637,5,2024,12,United Kingdom,Paris
643368424,5,2024,12,United States,California
643407547,5,2024,12,United States,California
643422295,3,2024,12,Thailand,HongKong
643428162,4,2024,12,China,HongKong
643437220,2,2024,7,Turks and Caicos Islands,California
643438336,3,2024,12,United States,California
643443977,5,2024,12,Singapore,California
643466960,5,2024,12,Mauritius,HongKong
643475292,5,2024,12,Qatar,HongKong
643500608,5,2024,10,United Kingdom,Paris
643623706,5,2024,12,Canada,California
643624675,5,2024,5,Australia,HongKong
643637259,5,2024,6,Singapore,HongKong
643647042,5,2024,12,India,California
643657832,3,2024,12,Australia,California
643665572,5,2024,12,United States,HongKong
643717087,3,2024,12,Malta,Paris
643737307,5,2024,12,United Kingdom,Paris
643760698,5,2024,12,United States,California
643820254,5,2024,11,United Kingdom,Paris
643858493,4,2024,12,United States,California
643881415,4,2024,12,Indonesia,HongKong
643895752,5,2024,12,United Kingdom,HongKong
643905610,5,2024,12,United States,California
643940730,5,2024,12,Canada,HongKong
643956947,5,2024,12,United Kingdom,Paris
644072252,4,2024,12,United Kingdom,Paris
644097308,5,2024,12,United Kingdom,Paris
644116144,4,2024,12,Netherlands,Paris
644117022,5,2024,12,Australia,HongKong
644153636,5,2024,5,United States,Paris
644158499,4,2024,11,United States,California
644166850,5,2024,12,United States,California
644191606,4,2024,12,United Kingdom,Paris
644194297,5,2024,12,Singapore,California
644207802,5,2024,12,South Africa,HongKong
644237996,4,2024,12,United Kingdom,Paris
644258821,3,2024,12,Singapore,California
644315493,5,2024,12,United Kingdom,Paris
644334601,4,2024,12,Hong Kong,HongKong
644367011,5,2024,6,United States,California
644417942,5,2024,12,Malaysia,Paris
644432359,5,2024,8,United States,Paris
644480787,5,2024,12,South Africa,HongKong
644515261,5,2024,12,India,HongKong
644646494,5,2024,6,Philippines,HongKong
644662728,4,2024,12,India,HongKong
644683183,4,2024,5,India,Paris
645038528,3,2024,4,Australia,Paris
645053189,5,2024,12,New Zealand,California
645286629,4,2024,12,United Kingdom,Paris
645320905,5,2024,10,Indonesia,HongKong
645347326,3,2024,12,United States,Paris
645351564,5,2024,12,United States,HongKong
645366348,1,2024,9,Hungary,California
645638700,5,2024,12,Australia,California
645640905,5,2024,12,United States,California
645656734,5,2024,2,Philippines,HongKong
645663899,4,2024,7,New Zealand,California
645710390,4,2024,12,United Kingdom,Paris
645725733,3,2024,12,United Kingdom,Paris
645826659,5,2024,2,Canada,California
645981832,3,2024,12,United Kingdom,Paris
646006193,4,2024,12,United Kingdom,HongKong
646042469,5,2024,10,United States,California
646077304,3,2024,12,France,Paris
646105891,1,2024,3,United States,California
646128887,5,2024,12,United States,HongKong
646144433,5,2024,12,United States,California
646151970,5,2024,12,United States,California
646151986,4,2024,9,United States,California
646170686,2,2024,7,Australia,California
646207587,5,2024,12,Australia,HongKong
646216848,5,2024,12,Mauritius,HongKong
646243168,5,2024,7,Indonesia,HongKong
646284593,4,2024,12,United Kingdom,Paris
646289510,5,2024,12,United Kingdom,Paris
646302400,5,2024,12,United States,California
646316935,4,2024,12,United Kingdom,Paris
646322909,4,2024,10,Australia,HongKong
646389071,5,2024,12,United States,HongKong
646423425,5,2024,12,United States,HongKong
646425989,3,2024,12,United States,California
646430205,5,2024,7,Hungary,Paris
646430901,4,2024,8,United States,California
646433866,5,2024,9,Poland,California
646446513,3,2024,12,Australia,HongKong
646499502,3,2024,3,Mexico,HongKong
646625532,3,2024,12,United States,California
646759861,5,2024,12,South Africa,HongKong
646939779,5,2024,2,United States,California
647001327,5,2024,2,Canada,HongKong
647011624,3,2024,11,New Zealand,California
647014801,5,2024,12,United States,California
647029916,5,2024,12,United States,California
647040233,5,2024,11,United States,California
647057887,5,2024,2,Australia,Paris
647199345,4,2024,12,India,Paris
647254920,5,2024,2,United States,California
647274482,5,2024,2,Philippines,HongKong
647306914,5,2024,11,Australia,California
647444202,5,2024,7,United Kingdom,Paris
647465079,5,2024,10,Thailand,HongKong
647484797,4,2024,11,Singapore,HongKong
647494425,5,2024,12,Australia,HongKong
647569763,4,2024,2,United Arab Emirates,HongKong
647822351,1,2024,10,Canada,HongKong
647885963,5,2024,12,Australia,California
647888575,4,2024,4,Australia,HongKong
648112381,4,2024,11,India,Paris
648199961,4,2024,12,United States,California
648444997,4,2024,12,Australia,HongKong
648457489,3,2024,11,Australia,California
648604900,2,2024,2,United States,California
648628091,3,2024,12,Australia,HongKong
648697273,5,2024,7,United Kingdom,Paris
648706924,5,2024,12,Hong Kong,HongKong
648834070,3,2024,12,Hong Kong,HongKong
648849806,4,2024,4,Hong Kong,HongKong
648883235,4,2024,12,Philippines,HongKong
648998523,5,2024,5,United Kingdom,Paris
649009150,5,2024,3,United Kingdom,Paris
649037713,5,2024,2,United States,Paris
649145916,4,2024,4,Cambodia,California
649273697,5,2024,6,United Kingdom,Paris
649350056,4,2024,5,Canada,California
649505825,2,2024,12,South Africa,HongKong
649942614,5,2024,7,United Kingdom,Paris
650163602,5,2024,8,France,Paris
650180199,1,2024,12,United Kingdom,Paris
650343570,5,2024,5,India,HongKong
650430073,3,2024,5,Philippines,HongKong
650513695,4,2024,9,United Kingdom,HongKong
650624687,5,2024,10,United States,California
650782318,4,2024,10,Philippines,HongKong
650783012,4,2024,9,Turkey,HongKong
651010341,5,2024,9,United Kingdom,California
651109915,3,2024,8,United States,Paris
651195099,3,2024,8,United Kingdom,HongKong
651240969,5,2024,3,Indonesia,HongKong
651275496,4,2024,10,United States,California
651344985,5,2024,9,Australia,HongKong
651378943,5,2024,6,United States,Paris
651437163,4,2024,8,Australia,Paris
651554362,5,2024,12,United Kingdom,Paris
651577685,2,2024,12,Lebanon,Paris
651672611,5,2024,6,Turkey,Paris
651835605,5,2024,11,Romania,California
651854945,5,2024,8,United Kingdom,Paris
651857855,1,2024,12,Australia,California
651947556,5,2024,12,Australia,California
651951452,5,2024,10,Australia,HongKong
652018542,5,2024,8,United Kingdom,Paris
652112330,5,2024,7,Netherlands,Paris
652203379,5,2024,11,United States,California
652250866,5,2024,11,New Zealand,California
652448447,4,2024,12,Australia,HongKong
652613974,5,2024,8,United States,California
652614642,5,2024,8,Finland,Paris
652651261,5,2024,11,United States,Paris
652715653,5,2024,6,Greece,Paris
652866082,1,2024,12,United States,Paris
652878360,4,2024,10,India,Paris
652976615,4,2024,6,United Kingdom,Paris
653048291,5,2024,8,United Kingdom,Paris
653113919,4,2024,11,Philippines,HongKong
653198005,5,2024,12,United Kingdom,Paris
653291623,5,2024,12,United Kingdom,Paris
653377199,5,2024,3,United States,California
653600185,4,2024,6,Hong Kong,HongKong
653600635,5,2024,5,Indonesia,HongKong
653746393,5,2024,3,United Arab Emirates,HongKong
653828557,4,2024,12,Hong Kong,HongKong
653838474,4,2024,12,Cyprus,Paris
653844637,4,2024,12,Canada,HongKong
653931435,5,2024,3,India,Paris
654067920,4,2024,10,United Kingdom,HongKong
654080716,5,2024,8,United Kingdom,Paris
654157584,3,2024,9,Israel,HongKong
654228557,5,2024,5,Thailand,HongKong
654253938,5,2024,12,United Kingdom,HongKong
654262613,4,2024,5,Malaysia,HongKong
654277432,4,2024,12,Philippines,HongKong
654370766,5,2024,12,Philippines,HongKong
654630865,3,2024,3,Australia,HongKong
654638219,5,2024,11,Australia,California
654875575,4,2024,12,United Kingdom,HongKong
655333001,4,2024,12,Indonesia,HongKong
655727862,4,2024,8,United Arab Emirates,HongKong
655920863,5,2024,7,Australia,California
655996419,5,2024,4,Germany,Paris
656142751,5,2024,12,Canada,HongKong
656146924,5,2024,4,United States,California
656152930,5,2024,4,United States,California
656359818,5,2024,7,United States,California
656488720,5,2024,4,Australia,HongKong
656620593,5,2024,7,New Zealand,California
656647372,2,2024,11,Singapore,HongKong
656892905,2,2024,6,Australia,Paris
657271978,5,2024,9,Mexico,Paris
657390501,5,2024,11,United Kingdom,Paris
657601010,3,2024,7,Singapore,HongKong
657631766,5,2024,10,United Kingdom,Paris
657859084,5,2024,6,United States,California
658107545,1,2024,11,United Kingdom,Paris
658249715,4,2024,11,United States,HongKong
658286408,4,2024,8,United States,California
658336740,5,2024,10,Philippines,HongKong
658541133,4,2024,12,United States,California
658605834,5,2024,4,Philippines,HongKong
659105569,4,2024,10,United States,Paris
659135851,4,2024,4,China,HongKong
659287317,4,2024,11,Brazil,California
659343379,4,2024,4,United Kingdom,Paris
659488038,1,2024,12,United States,Paris
659537079,4,2024,12,United States,California
659631322,4,2024,11,United States,California
659680196,5,2024,4,United Kingdom,Paris
659760916,4,2024,11,Hong Kong,HongKong
659958988,5,2024,6,South Africa,Paris
659991468,5,2024,10,Peru,Paris
659991528,2,2024,12,United Kingdom,Paris
660164133,5,2024,10,United States,Paris
660174808,5,2024,12,South Africa,Paris
661488811,5,2024,11,Ireland,Paris
661650072,1,2024,10,Canada,California
661706045,4,2024,4,United States,California
661807684,4,2024,12,India,HongKong
661832664,4,2024,5,Australia,Paris
662121848,5,2024,5,United Kingdom,Paris
662285535,5,2024,7,South Africa,Paris
663317002,5,2023,4,United States,California
664091577,5,2024,11,United States,California
664605295,5,2024,5,Malaysia,HongKong
665754501,3,2024,12,India,Paris
665898455,3,2024,10,Australia,California
665921124,3,2024,8,United States,Paris
665938110,5,2024,11,United States,California
665976788,5,2024,5,United Kingdom,California
666113327,3,2024,5,United Kingdom,Paris
666135735,5,2024,9,United States,Paris
666208969,5,2024,9,Australia,HongKong
666236967,5,2024,12,India,HongKong
666237713,5,2024,5,Sri Lanka,HongKong
666333440,3,2024,8,China,HongKong
666362679,4,2024,9,United Kingdom,HongKong
666364898,3,2024,10,United States,HongKong
666388777,4,2024,7,Italy,Paris
666796062,5,2024,8,Australia,California
667072412,3,2024,9,Australia,Paris
667600609,4,2024,10,United Kingdom,HongKong
667857090,5,2024,5,United States,California
668111738,5,2024,6,Hong Kong,HongKong
668175833,5,2024,5,United States,Paris
668209978,5,2024,9,Australia,HongKong
668381069,5,2024,12,Israel,Paris
668642940,5,2024,7,United States,California
668759002,4,2024,5,New Zealand,California
668777351,4,2024,12,Australia,HongKong
669403596,5,2024,12,Philippines,HongKong
669660324,2,2024,10,United States,California
670033848,5,2024,11,Hong Kong,HongKong
670204404,5,2024,11,United States,California
670274554,5,2024,9,Australia,HongKong
670686565,4,2024,6,United Kingdom,Paris
